ISO-10303-21;
HEADER;
/* Generated by software containing ST-Developer
 * from STEP Tools, Inc. (www.steptools.com) 
 */
/* OPTION: using custom renumber hook */

FILE_DESCRIPTION(
/* description */ ('STEP AP242 Edition 2',
'CAx-IF Rec.Pracs.---Representation and Presentation of Product Manufa
cturing Information (PMI)---4.0---2014-10-13',
'CAx-IF Rec.Pracs.---3D Tessellated Geometry---0.4---2014-09-14','2;1',
'CAx-IF Rec.Pracs.---User Defined Attributes---1.5---2016-08-15'),
/* implementation_level */ '2;1');

FILE_NAME(
/* name */ 'Part Studio 2',
/* time_stamp */ '2026-09-24T04:37:08Z',
/* author */ (''),
/* organization */ (''),
/* preprocessor_version */ 'ST-DEVELOPER v20',
/* originating_system */ 'ONSHAPE BY PTC INC, 1.221',
/* authorisation */ '  ');

FILE_SCHEMA (('AP242_MANAGED_MODEL_BASED_3D_ENGINEERING_MIM_LF { 1 0 10303 442 3 1 4 }'));
ENDSEC;

DATA;
#10=DRAUGHTING_PRE_DEFINED_COLOUR('black');
#11=DRAUGHTING_PRE_DEFINED_COLOUR('white');
#12=SHAPE_REPRESENTATION_RELATIONSHIP('','',#2260,#24);
#13=SHAPE_REPRESENTATION_RELATIONSHIP('','',#2261,#25);
#14=SHAPE_REPRESENTATION_RELATIONSHIP('','',#2262,#26);
#15=SHAPE_REPRESENTATION_RELATIONSHIP('','',#2263,#27);
#16=SHAPE_REPRESENTATION_RELATIONSHIP('','',#2264,#28);
#17=SHAPE_REPRESENTATION_RELATIONSHIP('','',#2265,#29);
#18=SHAPE_REPRESENTATION_RELATIONSHIP('','',#2266,#30);
#19=SHAPE_REPRESENTATION_RELATIONSHIP('','',#2267,#31);
#20=SHAPE_REPRESENTATION_RELATIONSHIP('','',#2268,#32);
#21=SHAPE_REPRESENTATION_RELATIONSHIP('','',#2269,#33);
#22=SHAPE_REPRESENTATION_RELATIONSHIP('','',#2270,#34);
#23=SHAPE_REPRESENTATION_RELATIONSHIP('','',#2271,#35);
#24=ADVANCED_BREP_SHAPE_REPRESENTATION('',(#2236),#3636);
#25=ADVANCED_BREP_SHAPE_REPRESENTATION('',(#2237),#3637);
#26=ADVANCED_BREP_SHAPE_REPRESENTATION('',(#2238),#3638);
#27=ADVANCED_BREP_SHAPE_REPRESENTATION('',(#2239),#3639);
#28=ADVANCED_BREP_SHAPE_REPRESENTATION('',(#2240),#3640);
#29=ADVANCED_BREP_SHAPE_REPRESENTATION('',(#2241),#3641);
#30=ADVANCED_BREP_SHAPE_REPRESENTATION('',(#2242),#3642);
#31=ADVANCED_BREP_SHAPE_REPRESENTATION('',(#2243),#3643);
#32=ADVANCED_BREP_SHAPE_REPRESENTATION('',(#2244),#3644);
#33=ADVANCED_BREP_SHAPE_REPRESENTATION('',(#2245),#3645);
#34=ADVANCED_BREP_SHAPE_REPRESENTATION('',(#2246),#3646);
#35=ADVANCED_BREP_SHAPE_REPRESENTATION('',(#2247),#3647);
#36=CYLINDRICAL_SURFACE('',#2279,0.0023);
#37=CYLINDRICAL_SURFACE('',#2283,0.002);
#38=CYLINDRICAL_SURFACE('',#2289,0.006);
#39=CYLINDRICAL_SURFACE('',#2310,0.0023);
#40=CYLINDRICAL_SURFACE('',#2313,0.0023);
#41=CYLINDRICAL_SURFACE('',#2316,0.0023);
#42=CYLINDRICAL_SURFACE('',#2319,0.0023);
#43=CYLINDRICAL_SURFACE('',#2342,0.0065);
#44=CYLINDRICAL_SURFACE('',#2347,0.0065);
#45=CYLINDRICAL_SURFACE('',#2356,0.0023);
#46=CYLINDRICAL_SURFACE('',#2363,0.002);
#47=CYLINDRICAL_SURFACE('',#2376,0.0016);
#48=CYLINDRICAL_SURFACE('',#2379,0.0016);
#49=CYLINDRICAL_SURFACE('',#2382,0.0016);
#50=CYLINDRICAL_SURFACE('',#2385,0.0016);
#51=CYLINDRICAL_SURFACE('',#2406,0.006);
#52=CYLINDRICAL_SURFACE('',#2422,0.0023);
#53=CYLINDRICAL_SURFACE('',#2441,0.0023);
#54=CIRCLE('',#2275,0.0023);
#55=CIRCLE('',#2280,0.0023);
#56=CIRCLE('',#2284,0.002);
#57=CIRCLE('',#2285,0.002);
#58=CIRCLE('',#2290,0.006);
#59=CIRCLE('',#2291,0.006);
#60=CIRCLE('',#2305,0.0023);
#61=CIRCLE('',#2306,0.0023);
#62=CIRCLE('',#2307,0.0023);
#63=CIRCLE('',#2308,0.0023);
#64=CIRCLE('',#2311,0.0023);
#65=CIRCLE('',#2314,0.0023);
#66=CIRCLE('',#2317,0.0023);
#67=CIRCLE('',#2320,0.0023);
#68=CIRCLE('',#2343,0.0065);
#69=CIRCLE('',#2344,0.0065);
#70=CIRCLE('',#2348,0.0065);
#71=CIRCLE('',#2349,0.0065);
#72=CIRCLE('',#2355,0.0023);
#73=CIRCLE('',#2357,0.0023);
#74=CIRCLE('',#2364,0.002);
#75=CIRCLE('',#2365,0.002);
#76=CIRCLE('',#2377,0.0016);
#77=CIRCLE('',#2378,0.0016);
#78=CIRCLE('',#2380,0.0016);
#79=CIRCLE('',#2381,0.0016);
#80=CIRCLE('',#2383,0.0016);
#81=CIRCLE('',#2384,0.0016);
#82=CIRCLE('',#2386,0.0016);
#83=CIRCLE('',#2387,0.0016);
#84=CIRCLE('',#2407,0.006);
#85=CIRCLE('',#2408,0.006);
#86=CIRCLE('',#2421,0.0023);
#87=CIRCLE('',#2423,0.0023);
#88=CIRCLE('',#2440,0.0023);
#89=CIRCLE('',#2442,0.0023);
#90=ORIENTED_EDGE('',*,*,#626,.F.);
#91=ORIENTED_EDGE('',*,*,#627,.T.);
#92=ORIENTED_EDGE('',*,*,#628,.T.);
#93=ORIENTED_EDGE('',*,*,#629,.F.);
#94=ORIENTED_EDGE('',*,*,#630,.T.);
#95=ORIENTED_EDGE('',*,*,#631,.T.);
#96=ORIENTED_EDGE('',*,*,#632,.T.);
#97=ORIENTED_EDGE('',*,*,#633,.F.);
#98=ORIENTED_EDGE('',*,*,#628,.F.);
#99=ORIENTED_EDGE('',*,*,#634,.F.);
#100=ORIENTED_EDGE('',*,*,#629,.T.);
#101=ORIENTED_EDGE('',*,*,#633,.T.);
#102=ORIENTED_EDGE('',*,*,#635,.F.);
#103=ORIENTED_EDGE('',*,*,#627,.F.);
#104=ORIENTED_EDGE('',*,*,#636,.T.);
#105=ORIENTED_EDGE('',*,*,#637,.T.);
#106=ORIENTED_EDGE('',*,*,#631,.F.);
#107=ORIENTED_EDGE('',*,*,#637,.F.);
#108=ORIENTED_EDGE('',*,*,#638,.T.);
#109=ORIENTED_EDGE('',*,*,#635,.T.);
#110=ORIENTED_EDGE('',*,*,#632,.F.);
#111=ORIENTED_EDGE('',*,*,#630,.F.);
#112=ORIENTED_EDGE('',*,*,#639,.T.);
#113=ORIENTED_EDGE('',*,*,#636,.F.);
#114=ORIENTED_EDGE('',*,*,#626,.T.);
#115=ORIENTED_EDGE('',*,*,#634,.T.);
#116=ORIENTED_EDGE('',*,*,#638,.F.);
#117=ORIENTED_EDGE('',*,*,#639,.F.);
#118=ORIENTED_EDGE('',*,*,#640,.F.);
#119=ORIENTED_EDGE('',*,*,#641,.T.);
#120=ORIENTED_EDGE('',*,*,#640,.T.);
#121=ORIENTED_EDGE('',*,*,#641,.F.);
#122=ORIENTED_EDGE('',*,*,#642,.F.);
#123=ORIENTED_EDGE('',*,*,#643,.T.);
#124=ORIENTED_EDGE('',*,*,#642,.T.);
#125=ORIENTED_EDGE('',*,*,#643,.F.);
#126=ORIENTED_EDGE('',*,*,#644,.F.);
#127=ORIENTED_EDGE('',*,*,#645,.F.);
#128=ORIENTED_EDGE('',*,*,#646,.T.);
#129=ORIENTED_EDGE('',*,*,#647,.T.);
#130=ORIENTED_EDGE('',*,*,#648,.F.);
#131=ORIENTED_EDGE('',*,*,#649,.F.);
#132=ORIENTED_EDGE('',*,*,#650,.T.);
#133=ORIENTED_EDGE('',*,*,#651,.T.);
#134=ORIENTED_EDGE('',*,*,#652,.T.);
#135=ORIENTED_EDGE('',*,*,#653,.T.);
#136=ORIENTED_EDGE('',*,*,#654,.F.);
#137=ORIENTED_EDGE('',*,*,#655,.F.);
#138=ORIENTED_EDGE('',*,*,#656,.F.);
#139=ORIENTED_EDGE('',*,*,#657,.F.);
#140=ORIENTED_EDGE('',*,*,#658,.T.);
#141=ORIENTED_EDGE('',*,*,#659,.T.);
#142=ORIENTED_EDGE('',*,*,#660,.F.);
#143=ORIENTED_EDGE('',*,*,#661,.T.);
#144=ORIENTED_EDGE('',*,*,#662,.T.);
#145=ORIENTED_EDGE('',*,*,#663,.F.);
#146=ORIENTED_EDGE('',*,*,#664,.T.);
#147=ORIENTED_EDGE('',*,*,#665,.F.);
#148=ORIENTED_EDGE('',*,*,#666,.F.);
#149=ORIENTED_EDGE('',*,*,#667,.T.);
#150=ORIENTED_EDGE('',*,*,#668,.F.);
#151=ORIENTED_EDGE('',*,*,#669,.T.);
#152=ORIENTED_EDGE('',*,*,#670,.T.);
#153=ORIENTED_EDGE('',*,*,#671,.F.);
#154=ORIENTED_EDGE('',*,*,#672,.F.);
#155=ORIENTED_EDGE('',*,*,#673,.F.);
#156=ORIENTED_EDGE('',*,*,#674,.T.);
#157=ORIENTED_EDGE('',*,*,#675,.T.);
#158=ORIENTED_EDGE('',*,*,#676,.T.);
#159=ORIENTED_EDGE('',*,*,#677,.T.);
#160=ORIENTED_EDGE('',*,*,#678,.F.);
#161=ORIENTED_EDGE('',*,*,#679,.F.);
#162=ORIENTED_EDGE('',*,*,#680,.T.);
#163=ORIENTED_EDGE('',*,*,#681,.T.);
#164=ORIENTED_EDGE('',*,*,#682,.F.);
#165=ORIENTED_EDGE('',*,*,#683,.F.);
#166=ORIENTED_EDGE('',*,*,#684,.T.);
#167=ORIENTED_EDGE('',*,*,#685,.T.);
#168=ORIENTED_EDGE('',*,*,#686,.F.);
#169=ORIENTED_EDGE('',*,*,#687,.F.);
#170=ORIENTED_EDGE('',*,*,#688,.T.);
#171=ORIENTED_EDGE('',*,*,#689,.T.);
#172=ORIENTED_EDGE('',*,*,#690,.F.);
#173=ORIENTED_EDGE('',*,*,#691,.F.);
#174=ORIENTED_EDGE('',*,*,#666,.T.);
#175=ORIENTED_EDGE('',*,*,#692,.T.);
#176=ORIENTED_EDGE('',*,*,#652,.F.);
#177=ORIENTED_EDGE('',*,*,#693,.F.);
#178=ORIENTED_EDGE('',*,*,#694,.F.);
#179=ORIENTED_EDGE('',*,*,#695,.F.);
#180=ORIENTED_EDGE('',*,*,#696,.T.);
#181=ORIENTED_EDGE('',*,*,#697,.T.);
#182=ORIENTED_EDGE('',*,*,#654,.T.);
#183=ORIENTED_EDGE('',*,*,#698,.F.);
#184=ORIENTED_EDGE('',*,*,#664,.F.);
#185=ORIENTED_EDGE('',*,*,#699,.T.);
#186=ORIENTED_EDGE('',*,*,#693,.T.);
#187=ORIENTED_EDGE('',*,*,#655,.T.);
#188=ORIENTED_EDGE('',*,*,#699,.F.);
#189=ORIENTED_EDGE('',*,*,#667,.F.);
#190=ORIENTED_EDGE('',*,*,#700,.F.);
#191=ORIENTED_EDGE('',*,*,#701,.T.);
#192=ORIENTED_EDGE('',*,*,#702,.T.);
#193=ORIENTED_EDGE('',*,*,#703,.F.);
#194=ORIENTED_EDGE('',*,*,#704,.F.);
#195=ORIENTED_EDGE('',*,*,#705,.F.);
#196=ORIENTED_EDGE('',*,*,#706,.T.);
#197=ORIENTED_EDGE('',*,*,#673,.T.);
#198=ORIENTED_EDGE('',*,*,#707,.T.);
#199=ORIENTED_EDGE('',*,*,#708,.F.);
#200=ORIENTED_EDGE('',*,*,#709,.F.);
#201=ORIENTED_EDGE('',*,*,#705,.T.);
#202=ORIENTED_EDGE('',*,*,#710,.F.);
#203=ORIENTED_EDGE('',*,*,#711,.T.);
#204=ORIENTED_EDGE('',*,*,#712,.T.);
#205=ORIENTED_EDGE('',*,*,#713,.F.);
#206=ORIENTED_EDGE('',*,*,#714,.T.);
#207=ORIENTED_EDGE('',*,*,#675,.F.);
#208=ORIENTED_EDGE('',*,*,#715,.F.);
#209=ORIENTED_EDGE('',*,*,#708,.T.);
#210=ORIENTED_EDGE('',*,*,#716,.T.);
#211=ORIENTED_EDGE('',*,*,#717,.T.);
#212=ORIENTED_EDGE('',*,*,#718,.T.);
#213=ORIENTED_EDGE('',*,*,#719,.T.);
#214=ORIENTED_EDGE('',*,*,#692,.F.);
#215=ORIENTED_EDGE('',*,*,#665,.T.);
#216=ORIENTED_EDGE('',*,*,#698,.T.);
#217=ORIENTED_EDGE('',*,*,#653,.F.);
#218=ORIENTED_EDGE('',*,*,#706,.F.);
#219=ORIENTED_EDGE('',*,*,#709,.T.);
#220=ORIENTED_EDGE('',*,*,#715,.T.);
#221=ORIENTED_EDGE('',*,*,#674,.F.);
#222=ORIENTED_EDGE('',*,*,#704,.T.);
#223=ORIENTED_EDGE('',*,*,#672,.T.);
#224=ORIENTED_EDGE('',*,*,#714,.F.);
#225=ORIENTED_EDGE('',*,*,#707,.F.);
#226=ORIENTED_EDGE('',*,*,#719,.F.);
#227=ORIENTED_EDGE('',*,*,#720,.F.);
#228=ORIENTED_EDGE('',*,*,#720,.T.);
#229=ORIENTED_EDGE('',*,*,#718,.F.);
#230=ORIENTED_EDGE('',*,*,#721,.F.);
#231=ORIENTED_EDGE('',*,*,#721,.T.);
#232=ORIENTED_EDGE('',*,*,#717,.F.);
#233=ORIENTED_EDGE('',*,*,#722,.F.);
#234=ORIENTED_EDGE('',*,*,#722,.T.);
#235=ORIENTED_EDGE('',*,*,#716,.F.);
#236=ORIENTED_EDGE('',*,*,#723,.F.);
#237=ORIENTED_EDGE('',*,*,#723,.T.);
#238=ORIENTED_EDGE('',*,*,#694,.T.);
#239=ORIENTED_EDGE('',*,*,#724,.T.);
#240=ORIENTED_EDGE('',*,*,#700,.T.);
#241=ORIENTED_EDGE('',*,*,#725,.F.);
#242=ORIENTED_EDGE('',*,*,#726,.T.);
#243=ORIENTED_EDGE('',*,*,#701,.F.);
#244=ORIENTED_EDGE('',*,*,#724,.F.);
#245=ORIENTED_EDGE('',*,*,#697,.F.);
#246=ORIENTED_EDGE('',*,*,#727,.T.);
#247=ORIENTED_EDGE('',*,*,#702,.F.);
#248=ORIENTED_EDGE('',*,*,#726,.F.);
#249=ORIENTED_EDGE('',*,*,#696,.F.);
#250=ORIENTED_EDGE('',*,*,#695,.T.);
#251=ORIENTED_EDGE('',*,*,#725,.T.);
#252=ORIENTED_EDGE('',*,*,#703,.T.);
#253=ORIENTED_EDGE('',*,*,#727,.F.);
#254=ORIENTED_EDGE('',*,*,#728,.F.);
#255=ORIENTED_EDGE('',*,*,#711,.F.);
#256=ORIENTED_EDGE('',*,*,#729,.T.);
#257=ORIENTED_EDGE('',*,*,#689,.F.);
#258=ORIENTED_EDGE('',*,*,#690,.T.);
#259=ORIENTED_EDGE('',*,*,#729,.F.);
#260=ORIENTED_EDGE('',*,*,#710,.T.);
#261=ORIENTED_EDGE('',*,*,#730,.T.);
#262=ORIENTED_EDGE('',*,*,#691,.T.);
#263=ORIENTED_EDGE('',*,*,#730,.F.);
#264=ORIENTED_EDGE('',*,*,#713,.T.);
#265=ORIENTED_EDGE('',*,*,#731,.T.);
#266=ORIENTED_EDGE('',*,*,#731,.F.);
#267=ORIENTED_EDGE('',*,*,#712,.F.);
#268=ORIENTED_EDGE('',*,*,#728,.T.);
#269=ORIENTED_EDGE('',*,*,#688,.F.);
#270=ORIENTED_EDGE('',*,*,#648,.T.);
#271=ORIENTED_EDGE('',*,*,#732,.F.);
#272=ORIENTED_EDGE('',*,*,#677,.F.);
#273=ORIENTED_EDGE('',*,*,#733,.T.);
#274=ORIENTED_EDGE('',*,*,#734,.F.);
#275=ORIENTED_EDGE('',*,*,#678,.T.);
#276=ORIENTED_EDGE('',*,*,#732,.T.);
#277=ORIENTED_EDGE('',*,*,#651,.F.);
#278=ORIENTED_EDGE('',*,*,#735,.F.);
#279=ORIENTED_EDGE('',*,*,#679,.T.);
#280=ORIENTED_EDGE('',*,*,#734,.T.);
#281=ORIENTED_EDGE('',*,*,#650,.F.);
#282=ORIENTED_EDGE('',*,*,#649,.T.);
#283=ORIENTED_EDGE('',*,*,#733,.F.);
#284=ORIENTED_EDGE('',*,*,#676,.F.);
#285=ORIENTED_EDGE('',*,*,#735,.T.);
#286=ORIENTED_EDGE('',*,*,#656,.T.);
#287=ORIENTED_EDGE('',*,*,#736,.F.);
#288=ORIENTED_EDGE('',*,*,#681,.F.);
#289=ORIENTED_EDGE('',*,*,#737,.T.);
#290=ORIENTED_EDGE('',*,*,#738,.F.);
#291=ORIENTED_EDGE('',*,*,#682,.T.);
#292=ORIENTED_EDGE('',*,*,#736,.T.);
#293=ORIENTED_EDGE('',*,*,#659,.F.);
#294=ORIENTED_EDGE('',*,*,#739,.F.);
#295=ORIENTED_EDGE('',*,*,#683,.T.);
#296=ORIENTED_EDGE('',*,*,#738,.T.);
#297=ORIENTED_EDGE('',*,*,#658,.F.);
#298=ORIENTED_EDGE('',*,*,#657,.T.);
#299=ORIENTED_EDGE('',*,*,#737,.F.);
#300=ORIENTED_EDGE('',*,*,#680,.F.);
#301=ORIENTED_EDGE('',*,*,#739,.T.);
#302=ORIENTED_EDGE('',*,*,#644,.T.);
#303=ORIENTED_EDGE('',*,*,#740,.F.);
#304=ORIENTED_EDGE('',*,*,#685,.F.);
#305=ORIENTED_EDGE('',*,*,#741,.T.);
#306=ORIENTED_EDGE('',*,*,#742,.F.);
#307=ORIENTED_EDGE('',*,*,#686,.T.);
#308=ORIENTED_EDGE('',*,*,#740,.T.);
#309=ORIENTED_EDGE('',*,*,#647,.F.);
#310=ORIENTED_EDGE('',*,*,#743,.F.);
#311=ORIENTED_EDGE('',*,*,#687,.T.);
#312=ORIENTED_EDGE('',*,*,#742,.T.);
#313=ORIENTED_EDGE('',*,*,#646,.F.);
#314=ORIENTED_EDGE('',*,*,#645,.T.);
#315=ORIENTED_EDGE('',*,*,#741,.F.);
#316=ORIENTED_EDGE('',*,*,#684,.F.);
#317=ORIENTED_EDGE('',*,*,#743,.T.);
#318=ORIENTED_EDGE('',*,*,#744,.T.);
#319=ORIENTED_EDGE('',*,*,#670,.F.);
#320=ORIENTED_EDGE('',*,*,#745,.F.);
#321=ORIENTED_EDGE('',*,*,#668,.T.);
#322=ORIENTED_EDGE('',*,*,#669,.F.);
#323=ORIENTED_EDGE('',*,*,#745,.T.);
#324=ORIENTED_EDGE('',*,*,#671,.T.);
#325=ORIENTED_EDGE('',*,*,#744,.F.);
#326=ORIENTED_EDGE('',*,*,#746,.T.);
#327=ORIENTED_EDGE('',*,*,#661,.F.);
#328=ORIENTED_EDGE('',*,*,#747,.F.);
#329=ORIENTED_EDGE('',*,*,#663,.T.);
#330=ORIENTED_EDGE('',*,*,#660,.T.);
#331=ORIENTED_EDGE('',*,*,#747,.T.);
#332=ORIENTED_EDGE('',*,*,#662,.F.);
#333=ORIENTED_EDGE('',*,*,#746,.F.);
#334=ORIENTED_EDGE('',*,*,#748,.F.);
#335=ORIENTED_EDGE('',*,*,#749,.T.);
#336=ORIENTED_EDGE('',*,*,#750,.T.);
#337=ORIENTED_EDGE('',*,*,#751,.F.);
#338=ORIENTED_EDGE('',*,*,#752,.T.);
#339=ORIENTED_EDGE('',*,*,#753,.T.);
#340=ORIENTED_EDGE('',*,*,#754,.F.);
#341=ORIENTED_EDGE('',*,*,#750,.F.);
#342=ORIENTED_EDGE('',*,*,#755,.T.);
#343=ORIENTED_EDGE('',*,*,#755,.F.);
#344=ORIENTED_EDGE('',*,*,#756,.T.);
#345=ORIENTED_EDGE('',*,*,#757,.F.);
#346=ORIENTED_EDGE('',*,*,#751,.T.);
#347=ORIENTED_EDGE('',*,*,#754,.T.);
#348=ORIENTED_EDGE('',*,*,#758,.F.);
#349=ORIENTED_EDGE('',*,*,#749,.F.);
#350=ORIENTED_EDGE('',*,*,#759,.T.);
#351=ORIENTED_EDGE('',*,*,#760,.T.);
#352=ORIENTED_EDGE('',*,*,#752,.F.);
#353=ORIENTED_EDGE('',*,*,#760,.F.);
#354=ORIENTED_EDGE('',*,*,#761,.T.);
#355=ORIENTED_EDGE('',*,*,#758,.T.);
#356=ORIENTED_EDGE('',*,*,#753,.F.);
#357=ORIENTED_EDGE('',*,*,#756,.F.);
#358=ORIENTED_EDGE('',*,*,#759,.F.);
#359=ORIENTED_EDGE('',*,*,#748,.T.);
#360=ORIENTED_EDGE('',*,*,#757,.T.);
#361=ORIENTED_EDGE('',*,*,#761,.F.);
#362=ORIENTED_EDGE('',*,*,#762,.F.);
#363=ORIENTED_EDGE('',*,*,#763,.T.);
#364=ORIENTED_EDGE('',*,*,#762,.T.);
#365=ORIENTED_EDGE('',*,*,#763,.F.);
#366=ORIENTED_EDGE('',*,*,#764,.F.);
#367=ORIENTED_EDGE('',*,*,#765,.F.);
#368=ORIENTED_EDGE('',*,*,#766,.T.);
#369=ORIENTED_EDGE('',*,*,#767,.T.);
#370=ORIENTED_EDGE('',*,*,#768,.T.);
#371=ORIENTED_EDGE('',*,*,#769,.F.);
#372=ORIENTED_EDGE('',*,*,#770,.F.);
#373=ORIENTED_EDGE('',*,*,#771,.T.);
#374=ORIENTED_EDGE('',*,*,#772,.F.);
#375=ORIENTED_EDGE('',*,*,#765,.T.);
#376=ORIENTED_EDGE('',*,*,#773,.T.);
#377=ORIENTED_EDGE('',*,*,#774,.F.);
#378=ORIENTED_EDGE('',*,*,#775,.F.);
#379=ORIENTED_EDGE('',*,*,#769,.T.);
#380=ORIENTED_EDGE('',*,*,#776,.F.);
#381=ORIENTED_EDGE('',*,*,#777,.F.);
#382=ORIENTED_EDGE('',*,*,#778,.T.);
#383=ORIENTED_EDGE('',*,*,#779,.T.);
#384=ORIENTED_EDGE('',*,*,#780,.T.);
#385=ORIENTED_EDGE('',*,*,#781,.F.);
#386=ORIENTED_EDGE('',*,*,#782,.F.);
#387=ORIENTED_EDGE('',*,*,#777,.T.);
#388=ORIENTED_EDGE('',*,*,#783,.T.);
#389=ORIENTED_EDGE('',*,*,#784,.F.);
#390=ORIENTED_EDGE('',*,*,#785,.F.);
#391=ORIENTED_EDGE('',*,*,#781,.T.);
#392=ORIENTED_EDGE('',*,*,#786,.F.);
#393=ORIENTED_EDGE('',*,*,#779,.F.);
#394=ORIENTED_EDGE('',*,*,#787,.T.);
#395=ORIENTED_EDGE('',*,*,#784,.T.);
#396=ORIENTED_EDGE('',*,*,#788,.T.);
#397=ORIENTED_EDGE('',*,*,#789,.F.);
#398=ORIENTED_EDGE('',*,*,#790,.T.);
#399=ORIENTED_EDGE('',*,*,#791,.F.);
#400=ORIENTED_EDGE('',*,*,#792,.T.);
#401=ORIENTED_EDGE('',*,*,#793,.F.);
#402=ORIENTED_EDGE('',*,*,#794,.T.);
#403=ORIENTED_EDGE('',*,*,#795,.F.);
#404=ORIENTED_EDGE('',*,*,#796,.F.);
#405=ORIENTED_EDGE('',*,*,#767,.F.);
#406=ORIENTED_EDGE('',*,*,#797,.T.);
#407=ORIENTED_EDGE('',*,*,#798,.F.);
#408=ORIENTED_EDGE('',*,*,#799,.T.);
#409=ORIENTED_EDGE('',*,*,#774,.T.);
#410=ORIENTED_EDGE('',*,*,#782,.T.);
#411=ORIENTED_EDGE('',*,*,#785,.T.);
#412=ORIENTED_EDGE('',*,*,#787,.F.);
#413=ORIENTED_EDGE('',*,*,#778,.F.);
#414=ORIENTED_EDGE('',*,*,#800,.F.);
#415=ORIENTED_EDGE('',*,*,#801,.F.);
#416=ORIENTED_EDGE('',*,*,#802,.F.);
#417=ORIENTED_EDGE('',*,*,#803,.T.);
#418=ORIENTED_EDGE('',*,*,#804,.F.);
#419=ORIENTED_EDGE('',*,*,#805,.T.);
#420=ORIENTED_EDGE('',*,*,#806,.T.);
#421=ORIENTED_EDGE('',*,*,#797,.F.);
#422=ORIENTED_EDGE('',*,*,#766,.F.);
#423=ORIENTED_EDGE('',*,*,#772,.T.);
#424=ORIENTED_EDGE('',*,*,#807,.T.);
#425=ORIENTED_EDGE('',*,*,#808,.F.);
#426=ORIENTED_EDGE('',*,*,#809,.F.);
#427=ORIENTED_EDGE('',*,*,#810,.F.);
#428=ORIENTED_EDGE('',*,*,#811,.F.);
#429=ORIENTED_EDGE('',*,*,#812,.T.);
#430=ORIENTED_EDGE('',*,*,#813,.F.);
#431=ORIENTED_EDGE('',*,*,#770,.T.);
#432=ORIENTED_EDGE('',*,*,#775,.T.);
#433=ORIENTED_EDGE('',*,*,#799,.F.);
#434=ORIENTED_EDGE('',*,*,#794,.F.);
#435=ORIENTED_EDGE('',*,*,#792,.F.);
#436=ORIENTED_EDGE('',*,*,#788,.F.);
#437=ORIENTED_EDGE('',*,*,#790,.F.);
#438=ORIENTED_EDGE('',*,*,#795,.T.);
#439=ORIENTED_EDGE('',*,*,#793,.T.);
#440=ORIENTED_EDGE('',*,*,#791,.T.);
#441=ORIENTED_EDGE('',*,*,#789,.T.);
#442=ORIENTED_EDGE('',*,*,#776,.T.);
#443=ORIENTED_EDGE('',*,*,#786,.T.);
#444=ORIENTED_EDGE('',*,*,#783,.F.);
#445=ORIENTED_EDGE('',*,*,#780,.F.);
#446=ORIENTED_EDGE('',*,*,#764,.T.);
#447=ORIENTED_EDGE('',*,*,#796,.T.);
#448=ORIENTED_EDGE('',*,*,#773,.F.);
#449=ORIENTED_EDGE('',*,*,#768,.F.);
#450=ORIENTED_EDGE('',*,*,#814,.T.);
#451=ORIENTED_EDGE('',*,*,#815,.F.);
#452=ORIENTED_EDGE('',*,*,#816,.F.);
#453=ORIENTED_EDGE('',*,*,#808,.T.);
#454=ORIENTED_EDGE('',*,*,#817,.T.);
#455=ORIENTED_EDGE('',*,*,#771,.F.);
#456=ORIENTED_EDGE('',*,*,#818,.F.);
#457=ORIENTED_EDGE('',*,*,#815,.T.);
#458=ORIENTED_EDGE('',*,*,#819,.F.);
#459=ORIENTED_EDGE('',*,*,#809,.T.);
#460=ORIENTED_EDGE('',*,*,#816,.T.);
#461=ORIENTED_EDGE('',*,*,#818,.T.);
#462=ORIENTED_EDGE('',*,*,#813,.T.);
#463=ORIENTED_EDGE('',*,*,#820,.F.);
#464=ORIENTED_EDGE('',*,*,#814,.F.);
#465=ORIENTED_EDGE('',*,*,#807,.F.);
#466=ORIENTED_EDGE('',*,*,#817,.F.);
#467=ORIENTED_EDGE('',*,*,#821,.T.);
#468=ORIENTED_EDGE('',*,*,#822,.F.);
#469=ORIENTED_EDGE('',*,*,#823,.F.);
#470=ORIENTED_EDGE('',*,*,#798,.T.);
#471=ORIENTED_EDGE('',*,*,#824,.T.);
#472=ORIENTED_EDGE('',*,*,#805,.F.);
#473=ORIENTED_EDGE('',*,*,#825,.F.);
#474=ORIENTED_EDGE('',*,*,#822,.T.);
#475=ORIENTED_EDGE('',*,*,#826,.F.);
#476=ORIENTED_EDGE('',*,*,#800,.T.);
#477=ORIENTED_EDGE('',*,*,#823,.T.);
#478=ORIENTED_EDGE('',*,*,#825,.T.);
#479=ORIENTED_EDGE('',*,*,#804,.T.);
#480=ORIENTED_EDGE('',*,*,#827,.F.);
#481=ORIENTED_EDGE('',*,*,#821,.F.);
#482=ORIENTED_EDGE('',*,*,#806,.F.);
#483=ORIENTED_EDGE('',*,*,#824,.F.);
#484=ORIENTED_EDGE('',*,*,#826,.T.);
#485=ORIENTED_EDGE('',*,*,#828,.F.);
#486=ORIENTED_EDGE('',*,*,#829,.F.);
#487=ORIENTED_EDGE('',*,*,#801,.T.);
#488=ORIENTED_EDGE('',*,*,#827,.T.);
#489=ORIENTED_EDGE('',*,*,#803,.F.);
#490=ORIENTED_EDGE('',*,*,#830,.F.);
#491=ORIENTED_EDGE('',*,*,#828,.T.);
#492=ORIENTED_EDGE('',*,*,#802,.T.);
#493=ORIENTED_EDGE('',*,*,#829,.T.);
#494=ORIENTED_EDGE('',*,*,#830,.T.);
#495=ORIENTED_EDGE('',*,*,#819,.T.);
#496=ORIENTED_EDGE('',*,*,#831,.F.);
#497=ORIENTED_EDGE('',*,*,#832,.F.);
#498=ORIENTED_EDGE('',*,*,#810,.T.);
#499=ORIENTED_EDGE('',*,*,#820,.T.);
#500=ORIENTED_EDGE('',*,*,#812,.F.);
#501=ORIENTED_EDGE('',*,*,#833,.F.);
#502=ORIENTED_EDGE('',*,*,#831,.T.);
#503=ORIENTED_EDGE('',*,*,#811,.T.);
#504=ORIENTED_EDGE('',*,*,#832,.T.);
#505=ORIENTED_EDGE('',*,*,#833,.T.);
#506=ORIENTED_EDGE('',*,*,#834,.F.);
#507=ORIENTED_EDGE('',*,*,#835,.T.);
#508=ORIENTED_EDGE('',*,*,#834,.T.);
#509=ORIENTED_EDGE('',*,*,#835,.F.);
#510=ORIENTED_EDGE('',*,*,#836,.F.);
#511=ORIENTED_EDGE('',*,*,#837,.F.);
#512=ORIENTED_EDGE('',*,*,#838,.T.);
#513=ORIENTED_EDGE('',*,*,#839,.T.);
#514=ORIENTED_EDGE('',*,*,#840,.T.);
#515=ORIENTED_EDGE('',*,*,#841,.F.);
#516=ORIENTED_EDGE('',*,*,#842,.F.);
#517=ORIENTED_EDGE('',*,*,#837,.T.);
#518=ORIENTED_EDGE('',*,*,#843,.T.);
#519=ORIENTED_EDGE('',*,*,#844,.F.);
#520=ORIENTED_EDGE('',*,*,#845,.F.);
#521=ORIENTED_EDGE('',*,*,#841,.T.);
#522=ORIENTED_EDGE('',*,*,#846,.F.);
#523=ORIENTED_EDGE('',*,*,#839,.F.);
#524=ORIENTED_EDGE('',*,*,#847,.T.);
#525=ORIENTED_EDGE('',*,*,#844,.T.);
#526=ORIENTED_EDGE('',*,*,#838,.F.);
#527=ORIENTED_EDGE('',*,*,#842,.T.);
#528=ORIENTED_EDGE('',*,*,#845,.T.);
#529=ORIENTED_EDGE('',*,*,#847,.F.);
#530=ORIENTED_EDGE('',*,*,#836,.T.);
#531=ORIENTED_EDGE('',*,*,#846,.T.);
#532=ORIENTED_EDGE('',*,*,#843,.F.);
#533=ORIENTED_EDGE('',*,*,#840,.F.);
#534=ORIENTED_EDGE('',*,*,#848,.F.);
#535=ORIENTED_EDGE('',*,*,#849,.T.);
#536=ORIENTED_EDGE('',*,*,#850,.T.);
#537=ORIENTED_EDGE('',*,*,#851,.F.);
#538=ORIENTED_EDGE('',*,*,#852,.T.);
#539=ORIENTED_EDGE('',*,*,#853,.T.);
#540=ORIENTED_EDGE('',*,*,#854,.F.);
#541=ORIENTED_EDGE('',*,*,#850,.F.);
#542=ORIENTED_EDGE('',*,*,#855,.T.);
#543=ORIENTED_EDGE('',*,*,#855,.F.);
#544=ORIENTED_EDGE('',*,*,#856,.T.);
#545=ORIENTED_EDGE('',*,*,#857,.F.);
#546=ORIENTED_EDGE('',*,*,#851,.T.);
#547=ORIENTED_EDGE('',*,*,#854,.T.);
#548=ORIENTED_EDGE('',*,*,#858,.F.);
#549=ORIENTED_EDGE('',*,*,#849,.F.);
#550=ORIENTED_EDGE('',*,*,#859,.T.);
#551=ORIENTED_EDGE('',*,*,#860,.T.);
#552=ORIENTED_EDGE('',*,*,#852,.F.);
#553=ORIENTED_EDGE('',*,*,#860,.F.);
#554=ORIENTED_EDGE('',*,*,#861,.T.);
#555=ORIENTED_EDGE('',*,*,#858,.T.);
#556=ORIENTED_EDGE('',*,*,#853,.F.);
#557=ORIENTED_EDGE('',*,*,#856,.F.);
#558=ORIENTED_EDGE('',*,*,#859,.F.);
#559=ORIENTED_EDGE('',*,*,#848,.T.);
#560=ORIENTED_EDGE('',*,*,#857,.T.);
#561=ORIENTED_EDGE('',*,*,#861,.F.);
#562=ORIENTED_EDGE('',*,*,#862,.F.);
#563=ORIENTED_EDGE('',*,*,#863,.F.);
#564=ORIENTED_EDGE('',*,*,#864,.T.);
#565=ORIENTED_EDGE('',*,*,#865,.T.);
#566=ORIENTED_EDGE('',*,*,#866,.T.);
#567=ORIENTED_EDGE('',*,*,#867,.F.);
#568=ORIENTED_EDGE('',*,*,#868,.F.);
#569=ORIENTED_EDGE('',*,*,#863,.T.);
#570=ORIENTED_EDGE('',*,*,#869,.T.);
#571=ORIENTED_EDGE('',*,*,#870,.F.);
#572=ORIENTED_EDGE('',*,*,#871,.F.);
#573=ORIENTED_EDGE('',*,*,#867,.T.);
#574=ORIENTED_EDGE('',*,*,#872,.F.);
#575=ORIENTED_EDGE('',*,*,#873,.F.);
#576=ORIENTED_EDGE('',*,*,#874,.T.);
#577=ORIENTED_EDGE('',*,*,#870,.T.);
#578=ORIENTED_EDGE('',*,*,#875,.T.);
#579=ORIENTED_EDGE('',*,*,#876,.F.);
#580=ORIENTED_EDGE('',*,*,#877,.F.);
#581=ORIENTED_EDGE('',*,*,#873,.T.);
#582=ORIENTED_EDGE('',*,*,#878,.T.);
#583=ORIENTED_EDGE('',*,*,#865,.F.);
#584=ORIENTED_EDGE('',*,*,#879,.F.);
#585=ORIENTED_EDGE('',*,*,#876,.T.);
#586=ORIENTED_EDGE('',*,*,#864,.F.);
#587=ORIENTED_EDGE('',*,*,#868,.T.);
#588=ORIENTED_EDGE('',*,*,#871,.T.);
#589=ORIENTED_EDGE('',*,*,#874,.F.);
#590=ORIENTED_EDGE('',*,*,#877,.T.);
#591=ORIENTED_EDGE('',*,*,#879,.T.);
#592=ORIENTED_EDGE('',*,*,#862,.T.);
#593=ORIENTED_EDGE('',*,*,#878,.F.);
#594=ORIENTED_EDGE('',*,*,#875,.F.);
#595=ORIENTED_EDGE('',*,*,#872,.T.);
#596=ORIENTED_EDGE('',*,*,#869,.F.);
#597=ORIENTED_EDGE('',*,*,#866,.F.);
#598=ORIENTED_EDGE('',*,*,#880,.F.);
#599=ORIENTED_EDGE('',*,*,#881,.T.);
#600=ORIENTED_EDGE('',*,*,#882,.T.);
#601=ORIENTED_EDGE('',*,*,#883,.F.);
#602=ORIENTED_EDGE('',*,*,#884,.T.);
#603=ORIENTED_EDGE('',*,*,#885,.T.);
#604=ORIENTED_EDGE('',*,*,#886,.F.);
#605=ORIENTED_EDGE('',*,*,#882,.F.);
#606=ORIENTED_EDGE('',*,*,#887,.T.);
#607=ORIENTED_EDGE('',*,*,#887,.F.);
#608=ORIENTED_EDGE('',*,*,#888,.T.);
#609=ORIENTED_EDGE('',*,*,#889,.F.);
#610=ORIENTED_EDGE('',*,*,#883,.T.);
#611=ORIENTED_EDGE('',*,*,#886,.T.);
#612=ORIENTED_EDGE('',*,*,#890,.F.);
#613=ORIENTED_EDGE('',*,*,#881,.F.);
#614=ORIENTED_EDGE('',*,*,#891,.T.);
#615=ORIENTED_EDGE('',*,*,#892,.T.);
#616=ORIENTED_EDGE('',*,*,#884,.F.);
#617=ORIENTED_EDGE('',*,*,#892,.F.);
#618=ORIENTED_EDGE('',*,*,#893,.T.);
#619=ORIENTED_EDGE('',*,*,#890,.T.);
#620=ORIENTED_EDGE('',*,*,#885,.F.);
#621=ORIENTED_EDGE('',*,*,#888,.F.);
#622=ORIENTED_EDGE('',*,*,#891,.F.);
#623=ORIENTED_EDGE('',*,*,#880,.T.);
#624=ORIENTED_EDGE('',*,*,#889,.T.);
#625=ORIENTED_EDGE('',*,*,#893,.F.);
#626=EDGE_CURVE('',#894,#895,#1082,.T.);
#627=EDGE_CURVE('',#894,#896,#1083,.T.);
#628=EDGE_CURVE('',#896,#897,#1084,.T.);
#629=EDGE_CURVE('',#895,#897,#1085,.T.);
#630=EDGE_CURVE('',#898,#898,#54,.T.);
#631=EDGE_CURVE('',#896,#899,#1086,.T.);
#632=EDGE_CURVE('',#899,#900,#1087,.T.);
#633=EDGE_CURVE('',#897,#900,#1088,.T.);
#634=EDGE_CURVE('',#895,#901,#1089,.T.);
#635=EDGE_CURVE('',#901,#900,#1090,.T.);
#636=EDGE_CURVE('',#894,#902,#1091,.T.);
#637=EDGE_CURVE('',#902,#899,#1092,.T.);
#638=EDGE_CURVE('',#902,#901,#1093,.T.);
#639=EDGE_CURVE('',#903,#903,#55,.T.);
#640=EDGE_CURVE('',#904,#904,#56,.T.);
#641=EDGE_CURVE('',#905,#905,#57,.T.);
#642=EDGE_CURVE('',#906,#906,#58,.T.);
#643=EDGE_CURVE('',#907,#907,#59,.T.);
#644=EDGE_CURVE('',#908,#909,#1094,.T.);
#645=EDGE_CURVE('',#910,#908,#1095,.T.);
#646=EDGE_CURVE('',#910,#911,#1096,.T.);
#647=EDGE_CURVE('',#911,#909,#1097,.T.);
#648=EDGE_CURVE('',#912,#913,#1098,.T.);
#649=EDGE_CURVE('',#914,#912,#1099,.T.);
#650=EDGE_CURVE('',#914,#915,#1100,.T.);
#651=EDGE_CURVE('',#915,#913,#1101,.T.);
#652=EDGE_CURVE('',#916,#917,#1102,.T.);
#653=EDGE_CURVE('',#917,#918,#1103,.T.);
#654=EDGE_CURVE('',#919,#918,#1104,.T.);
#655=EDGE_CURVE('',#916,#919,#1105,.T.);
#656=EDGE_CURVE('',#920,#921,#1106,.T.);
#657=EDGE_CURVE('',#922,#920,#1107,.T.);
#658=EDGE_CURVE('',#922,#923,#1108,.T.);
#659=EDGE_CURVE('',#923,#921,#1109,.T.);
#660=EDGE_CURVE('',#924,#925,#1110,.T.);
#661=EDGE_CURVE('',#924,#926,#1111,.T.);
#662=EDGE_CURVE('',#926,#927,#1112,.T.);
#663=EDGE_CURVE('',#925,#927,#1113,.T.);
#664=EDGE_CURVE('',#928,#929,#1114,.T.);
#665=EDGE_CURVE('',#930,#929,#1115,.T.);
#666=EDGE_CURVE('',#931,#930,#1116,.T.);
#667=EDGE_CURVE('',#931,#928,#1117,.T.);
#668=EDGE_CURVE('',#932,#933,#1118,.T.);
#669=EDGE_CURVE('',#932,#934,#1119,.T.);
#670=EDGE_CURVE('',#934,#935,#1120,.T.);
#671=EDGE_CURVE('',#933,#935,#1121,.T.);
#672=EDGE_CURVE('',#936,#937,#1122,.T.);
#673=EDGE_CURVE('',#938,#936,#1123,.T.);
#674=EDGE_CURVE('',#938,#939,#1124,.T.);
#675=EDGE_CURVE('',#939,#937,#1125,.T.);
#676=EDGE_CURVE('',#940,#941,#1126,.T.);
#677=EDGE_CURVE('',#941,#942,#1127,.T.);
#678=EDGE_CURVE('',#943,#942,#1128,.T.);
#679=EDGE_CURVE('',#940,#943,#1129,.T.);
#680=EDGE_CURVE('',#944,#945,#1130,.T.);
#681=EDGE_CURVE('',#945,#946,#1131,.T.);
#682=EDGE_CURVE('',#947,#946,#1132,.T.);
#683=EDGE_CURVE('',#944,#947,#1133,.T.);
#684=EDGE_CURVE('',#948,#949,#1134,.T.);
#685=EDGE_CURVE('',#949,#950,#1135,.T.);
#686=EDGE_CURVE('',#951,#950,#1136,.T.);
#687=EDGE_CURVE('',#948,#951,#1137,.T.);
#688=EDGE_CURVE('',#952,#953,#1138,.T.);
#689=EDGE_CURVE('',#953,#954,#1139,.T.);
#690=EDGE_CURVE('',#955,#954,#1140,.T.);
#691=EDGE_CURVE('',#952,#955,#1141,.T.);
#692=EDGE_CURVE('',#930,#917,#1142,.T.);
#693=EDGE_CURVE('',#931,#916,#1143,.T.);
#694=EDGE_CURVE('',#956,#957,#1144,.T.);
#695=EDGE_CURVE('',#958,#956,#1145,.T.);
#696=EDGE_CURVE('',#958,#959,#1146,.T.);
#697=EDGE_CURVE('',#959,#957,#1147,.T.);
#698=EDGE_CURVE('',#929,#918,#1148,.T.);
#699=EDGE_CURVE('',#928,#919,#1149,.T.);
#700=EDGE_CURVE('',#960,#961,#1150,.T.);
#701=EDGE_CURVE('',#960,#962,#1151,.T.);
#702=EDGE_CURVE('',#962,#963,#1152,.T.);
#703=EDGE_CURVE('',#961,#963,#1153,.T.);
#704=EDGE_CURVE('',#964,#936,#1154,.T.);
#705=EDGE_CURVE('',#965,#964,#1155,.T.);
#706=EDGE_CURVE('',#965,#938,#1156,.T.);
#707=EDGE_CURVE('',#964,#966,#1157,.T.);
#708=EDGE_CURVE('',#967,#966,#1158,.T.);
#709=EDGE_CURVE('',#965,#967,#1159,.T.);
#710=EDGE_CURVE('',#968,#969,#1160,.T.);
#711=EDGE_CURVE('',#968,#970,#1161,.T.);
#712=EDGE_CURVE('',#970,#971,#1162,.T.);
#713=EDGE_CURVE('',#969,#971,#1163,.T.);
#714=EDGE_CURVE('',#966,#937,#1164,.T.);
#715=EDGE_CURVE('',#967,#939,#1165,.T.);
#716=EDGE_CURVE('',#972,#972,#60,.F.);
#717=EDGE_CURVE('',#973,#973,#61,.F.);
#718=EDGE_CURVE('',#974,#974,#62,.F.);
#719=EDGE_CURVE('',#975,#975,#63,.F.);
#720=EDGE_CURVE('',#976,#976,#64,.T.);
#721=EDGE_CURVE('',#977,#977,#65,.T.);
#722=EDGE_CURVE('',#978,#978,#66,.T.);
#723=EDGE_CURVE('',#979,#979,#67,.T.);
#724=EDGE_CURVE('',#957,#960,#1166,.T.);
#725=EDGE_CURVE('',#956,#961,#1167,.T.);
#726=EDGE_CURVE('',#959,#962,#1168,.T.);
#727=EDGE_CURVE('',#958,#963,#1169,.T.);
#728=EDGE_CURVE('',#970,#953,#1170,.T.);
#729=EDGE_CURVE('',#968,#954,#1171,.T.);
#730=EDGE_CURVE('',#969,#955,#1172,.T.);
#731=EDGE_CURVE('',#971,#952,#1173,.T.);
#732=EDGE_CURVE('',#942,#913,#1174,.T.);
#733=EDGE_CURVE('',#941,#912,#1175,.T.);
#734=EDGE_CURVE('',#943,#915,#1176,.T.);
#735=EDGE_CURVE('',#940,#914,#1177,.T.);
#736=EDGE_CURVE('',#946,#921,#1178,.T.);
#737=EDGE_CURVE('',#945,#920,#1179,.T.);
#738=EDGE_CURVE('',#947,#923,#1180,.T.);
#739=EDGE_CURVE('',#944,#922,#1181,.T.);
#740=EDGE_CURVE('',#950,#909,#1182,.T.);
#741=EDGE_CURVE('',#949,#908,#1183,.T.);
#742=EDGE_CURVE('',#951,#911,#1184,.T.);
#743=EDGE_CURVE('',#948,#910,#1185,.T.);
#744=EDGE_CURVE('',#933,#935,#68,.T.);
#745=EDGE_CURVE('',#932,#934,#69,.T.);
#746=EDGE_CURVE('',#927,#926,#70,.T.);
#747=EDGE_CURVE('',#925,#924,#71,.T.);
#748=EDGE_CURVE('',#980,#981,#1186,.T.);
#749=EDGE_CURVE('',#980,#982,#1187,.T.);
#750=EDGE_CURVE('',#982,#983,#1188,.T.);
#751=EDGE_CURVE('',#981,#983,#1189,.T.);
#752=EDGE_CURVE('',#982,#984,#1190,.T.);
#753=EDGE_CURVE('',#984,#985,#1191,.T.);
#754=EDGE_CURVE('',#983,#985,#1192,.T.);
#755=EDGE_CURVE('',#986,#986,#72,.T.);
#756=EDGE_CURVE('',#987,#987,#73,.T.);
#757=EDGE_CURVE('',#981,#988,#1193,.T.);
#758=EDGE_CURVE('',#988,#985,#1194,.T.);
#759=EDGE_CURVE('',#980,#989,#1195,.T.);
#760=EDGE_CURVE('',#989,#984,#1196,.T.);
#761=EDGE_CURVE('',#989,#988,#1197,.T.);
#762=EDGE_CURVE('',#990,#990,#74,.T.);
#763=EDGE_CURVE('',#991,#991,#75,.T.);
#764=EDGE_CURVE('',#992,#993,#1198,.T.);
#765=EDGE_CURVE('',#994,#992,#1199,.T.);
#766=EDGE_CURVE('',#994,#995,#1200,.T.);
#767=EDGE_CURVE('',#995,#993,#1201,.T.);
#768=EDGE_CURVE('',#992,#996,#1202,.T.);
#769=EDGE_CURVE('',#997,#996,#1203,.T.);
#770=EDGE_CURVE('',#998,#997,#1204,.T.);
#771=EDGE_CURVE('',#998,#999,#1205,.T.);
#772=EDGE_CURVE('',#994,#999,#1206,.T.);
#773=EDGE_CURVE('',#996,#1000,#1207,.T.);
#774=EDGE_CURVE('',#1001,#1000,#1208,.T.);
#775=EDGE_CURVE('',#997,#1001,#1209,.T.);
#776=EDGE_CURVE('',#1002,#1003,#1210,.T.);
#777=EDGE_CURVE('',#1004,#1002,#1211,.T.);
#778=EDGE_CURVE('',#1004,#1005,#1212,.T.);
#779=EDGE_CURVE('',#1005,#1003,#1213,.T.);
#780=EDGE_CURVE('',#1002,#1006,#1214,.T.);
#781=EDGE_CURVE('',#1007,#1006,#1215,.T.);
#782=EDGE_CURVE('',#1004,#1007,#1216,.T.);
#783=EDGE_CURVE('',#1006,#1008,#1217,.T.);
#784=EDGE_CURVE('',#1009,#1008,#1218,.T.);
#785=EDGE_CURVE('',#1007,#1009,#1219,.T.);
#786=EDGE_CURVE('',#1003,#1008,#1220,.T.);
#787=EDGE_CURVE('',#1005,#1009,#1221,.T.);
#788=EDGE_CURVE('',#1010,#1010,#76,.T.);
#789=EDGE_CURVE('',#1011,#1011,#77,.T.);
#790=EDGE_CURVE('',#1012,#1012,#78,.T.);
#791=EDGE_CURVE('',#1013,#1013,#79,.T.);
#792=EDGE_CURVE('',#1014,#1014,#80,.T.);
#793=EDGE_CURVE('',#1015,#1015,#81,.T.);
#794=EDGE_CURVE('',#1016,#1016,#82,.T.);
#795=EDGE_CURVE('',#1017,#1017,#83,.T.);
#796=EDGE_CURVE('',#993,#1000,#1222,.T.);
#797=EDGE_CURVE('',#995,#1018,#1223,.T.);
#798=EDGE_CURVE('',#1019,#1018,#1224,.T.);
#799=EDGE_CURVE('',#1019,#1001,#1225,.T.);
#800=EDGE_CURVE('',#1020,#1019,#1226,.T.);
#801=EDGE_CURVE('',#1021,#1020,#1227,.T.);
#802=EDGE_CURVE('',#1022,#1021,#1228,.T.);
#803=EDGE_CURVE('',#1022,#1023,#1229,.T.);
#804=EDGE_CURVE('',#1024,#1023,#1230,.T.);
#805=EDGE_CURVE('',#1024,#1025,#1231,.T.);
#806=EDGE_CURVE('',#1025,#1018,#1232,.T.);
#807=EDGE_CURVE('',#999,#1026,#1233,.T.);
#808=EDGE_CURVE('',#1027,#1026,#1234,.T.);
#809=EDGE_CURVE('',#1028,#1027,#1235,.T.);
#810=EDGE_CURVE('',#1029,#1028,#1236,.T.);
#811=EDGE_CURVE('',#1030,#1029,#1237,.T.);
#812=EDGE_CURVE('',#1030,#1031,#1238,.T.);
#813=EDGE_CURVE('',#998,#1031,#1239,.T.);
#814=EDGE_CURVE('',#1026,#1032,#1240,.T.);
#815=EDGE_CURVE('',#1033,#1032,#1241,.T.);
#816=EDGE_CURVE('',#1027,#1033,#1242,.T.);
#817=EDGE_CURVE('',#1032,#999,#1243,.T.);
#818=EDGE_CURVE('',#1033,#998,#1244,.T.);
#819=EDGE_CURVE('',#1028,#1034,#1245,.T.);
#820=EDGE_CURVE('',#1034,#1031,#1246,.T.);
#821=EDGE_CURVE('',#1018,#1035,#1247,.T.);
#822=EDGE_CURVE('',#1036,#1035,#1248,.T.);
#823=EDGE_CURVE('',#1019,#1036,#1249,.T.);
#824=EDGE_CURVE('',#1035,#1025,#1250,.T.);
#825=EDGE_CURVE('',#1036,#1024,#1251,.T.);
#826=EDGE_CURVE('',#1020,#1037,#1252,.T.);
#827=EDGE_CURVE('',#1037,#1023,#1253,.T.);
#828=EDGE_CURVE('',#1038,#1037,#1254,.T.);
#829=EDGE_CURVE('',#1021,#1038,#1255,.T.);
#830=EDGE_CURVE('',#1038,#1022,#1256,.T.);
#831=EDGE_CURVE('',#1039,#1034,#1257,.T.);
#832=EDGE_CURVE('',#1029,#1039,#1258,.T.);
#833=EDGE_CURVE('',#1039,#1030,#1259,.T.);
#834=EDGE_CURVE('',#1040,#1040,#84,.T.);
#835=EDGE_CURVE('',#1041,#1041,#85,.T.);
#836=EDGE_CURVE('',#1042,#1043,#1260,.T.);
#837=EDGE_CURVE('',#1044,#1042,#1261,.T.);
#838=EDGE_CURVE('',#1044,#1045,#1262,.T.);
#839=EDGE_CURVE('',#1045,#1043,#1263,.T.);
#840=EDGE_CURVE('',#1042,#1046,#1264,.T.);
#841=EDGE_CURVE('',#1047,#1046,#1265,.T.);
#842=EDGE_CURVE('',#1044,#1047,#1266,.T.);
#843=EDGE_CURVE('',#1046,#1048,#1267,.T.);
#844=EDGE_CURVE('',#1049,#1048,#1268,.T.);
#845=EDGE_CURVE('',#1047,#1049,#1269,.T.);
#846=EDGE_CURVE('',#1043,#1048,#1270,.T.);
#847=EDGE_CURVE('',#1045,#1049,#1271,.T.);
#848=EDGE_CURVE('',#1050,#1051,#1272,.T.);
#849=EDGE_CURVE('',#1050,#1052,#1273,.T.);
#850=EDGE_CURVE('',#1052,#1053,#1274,.T.);
#851=EDGE_CURVE('',#1051,#1053,#1275,.T.);
#852=EDGE_CURVE('',#1052,#1054,#1276,.T.);
#853=EDGE_CURVE('',#1054,#1055,#1277,.T.);
#854=EDGE_CURVE('',#1053,#1055,#1278,.T.);
#855=EDGE_CURVE('',#1056,#1056,#86,.T.);
#856=EDGE_CURVE('',#1057,#1057,#87,.T.);
#857=EDGE_CURVE('',#1051,#1058,#1279,.T.);
#858=EDGE_CURVE('',#1058,#1055,#1280,.T.);
#859=EDGE_CURVE('',#1050,#1059,#1281,.T.);
#860=EDGE_CURVE('',#1059,#1054,#1282,.T.);
#861=EDGE_CURVE('',#1059,#1058,#1283,.T.);
#862=EDGE_CURVE('',#1060,#1061,#1284,.T.);
#863=EDGE_CURVE('',#1062,#1060,#1285,.T.);
#864=EDGE_CURVE('',#1062,#1063,#1286,.T.);
#865=EDGE_CURVE('',#1063,#1061,#1287,.T.);
#866=EDGE_CURVE('',#1060,#1064,#1288,.T.);
#867=EDGE_CURVE('',#1065,#1064,#1289,.T.);
#868=EDGE_CURVE('',#1062,#1065,#1290,.T.);
#869=EDGE_CURVE('',#1064,#1066,#1291,.T.);
#870=EDGE_CURVE('',#1067,#1066,#1292,.T.);
#871=EDGE_CURVE('',#1065,#1067,#1293,.T.);
#872=EDGE_CURVE('',#1068,#1066,#1294,.T.);
#873=EDGE_CURVE('',#1069,#1068,#1295,.T.);
#874=EDGE_CURVE('',#1069,#1067,#1296,.T.);
#875=EDGE_CURVE('',#1068,#1070,#1297,.T.);
#876=EDGE_CURVE('',#1071,#1070,#1298,.T.);
#877=EDGE_CURVE('',#1069,#1071,#1299,.T.);
#878=EDGE_CURVE('',#1070,#1061,#1300,.T.);
#879=EDGE_CURVE('',#1071,#1063,#1301,.T.);
#880=EDGE_CURVE('',#1072,#1073,#1302,.T.);
#881=EDGE_CURVE('',#1072,#1074,#1303,.T.);
#882=EDGE_CURVE('',#1074,#1075,#1304,.T.);
#883=EDGE_CURVE('',#1073,#1075,#1305,.T.);
#884=EDGE_CURVE('',#1074,#1076,#1306,.T.);
#885=EDGE_CURVE('',#1076,#1077,#1307,.T.);
#886=EDGE_CURVE('',#1075,#1077,#1308,.T.);
#887=EDGE_CURVE('',#1078,#1078,#88,.T.);
#888=EDGE_CURVE('',#1079,#1079,#89,.T.);
#889=EDGE_CURVE('',#1073,#1080,#1309,.T.);
#890=EDGE_CURVE('',#1080,#1077,#1310,.T.);
#891=EDGE_CURVE('',#1072,#1081,#1311,.T.);
#892=EDGE_CURVE('',#1081,#1076,#1312,.T.);
#893=EDGE_CURVE('',#1081,#1080,#1313,.T.);
#894=VERTEX_POINT('',#3032);
#895=VERTEX_POINT('',#3033);
#896=VERTEX_POINT('',#3035);
#897=VERTEX_POINT('',#3037);
#898=VERTEX_POINT('',#3041);
#899=VERTEX_POINT('',#3043);
#900=VERTEX_POINT('',#3045);
#901=VERTEX_POINT('',#3049);
#902=VERTEX_POINT('',#3053);
#903=VERTEX_POINT('',#3059);
#904=VERTEX_POINT('',#3064);
#905=VERTEX_POINT('',#3066);
#906=VERTEX_POINT('',#3072);
#907=VERTEX_POINT('',#3074);
#908=VERTEX_POINT('',#3080);
#909=VERTEX_POINT('',#3081);
#910=VERTEX_POINT('',#3083);
#911=VERTEX_POINT('',#3085);
#912=VERTEX_POINT('',#3088);
#913=VERTEX_POINT('',#3089);
#914=VERTEX_POINT('',#3091);
#915=VERTEX_POINT('',#3093);
#916=VERTEX_POINT('',#3096);
#917=VERTEX_POINT('',#3097);
#918=VERTEX_POINT('',#3099);
#919=VERTEX_POINT('',#3101);
#920=VERTEX_POINT('',#3104);
#921=VERTEX_POINT('',#3105);
#922=VERTEX_POINT('',#3107);
#923=VERTEX_POINT('',#3109);
#924=VERTEX_POINT('',#3112);
#925=VERTEX_POINT('',#3113);
#926=VERTEX_POINT('',#3115);
#927=VERTEX_POINT('',#3117);
#928=VERTEX_POINT('',#3121);
#929=VERTEX_POINT('',#3122);
#930=VERTEX_POINT('',#3124);
#931=VERTEX_POINT('',#3126);
#932=VERTEX_POINT('',#3129);
#933=VERTEX_POINT('',#3130);
#934=VERTEX_POINT('',#3132);
#935=VERTEX_POINT('',#3134);
#936=VERTEX_POINT('',#3138);
#937=VERTEX_POINT('',#3139);
#938=VERTEX_POINT('',#3141);
#939=VERTEX_POINT('',#3143);
#940=VERTEX_POINT('',#3146);
#941=VERTEX_POINT('',#3147);
#942=VERTEX_POINT('',#3149);
#943=VERTEX_POINT('',#3151);
#944=VERTEX_POINT('',#3154);
#945=VERTEX_POINT('',#3155);
#946=VERTEX_POINT('',#3157);
#947=VERTEX_POINT('',#3159);
#948=VERTEX_POINT('',#3162);
#949=VERTEX_POINT('',#3163);
#950=VERTEX_POINT('',#3165);
#951=VERTEX_POINT('',#3167);
#952=VERTEX_POINT('',#3171);
#953=VERTEX_POINT('',#3172);
#954=VERTEX_POINT('',#3174);
#955=VERTEX_POINT('',#3176);
#956=VERTEX_POINT('',#3182);
#957=VERTEX_POINT('',#3183);
#958=VERTEX_POINT('',#3185);
#959=VERTEX_POINT('',#3187);
#960=VERTEX_POINT('',#3194);
#961=VERTEX_POINT('',#3195);
#962=VERTEX_POINT('',#3197);
#963=VERTEX_POINT('',#3199);
#964=VERTEX_POINT('',#3202);
#965=VERTEX_POINT('',#3204);
#966=VERTEX_POINT('',#3208);
#967=VERTEX_POINT('',#3210);
#968=VERTEX_POINT('',#3214);
#969=VERTEX_POINT('',#3215);
#970=VERTEX_POINT('',#3217);
#971=VERTEX_POINT('',#3219);
#972=VERTEX_POINT('',#3225);
#973=VERTEX_POINT('',#3227);
#974=VERTEX_POINT('',#3229);
#975=VERTEX_POINT('',#3231);
#976=VERTEX_POINT('',#3235);
#977=VERTEX_POINT('',#3239);
#978=VERTEX_POINT('',#3243);
#979=VERTEX_POINT('',#3247);
#980=VERTEX_POINT('',#3302);
#981=VERTEX_POINT('',#3303);
#982=VERTEX_POINT('',#3305);
#983=VERTEX_POINT('',#3307);
#984=VERTEX_POINT('',#3311);
#985=VERTEX_POINT('',#3313);
#986=VERTEX_POINT('',#3316);
#987=VERTEX_POINT('',#3319);
#988=VERTEX_POINT('',#3322);
#989=VERTEX_POINT('',#3326);
#990=VERTEX_POINT('',#3334);
#991=VERTEX_POINT('',#3336);
#992=VERTEX_POINT('',#3342);
#993=VERTEX_POINT('',#3343);
#994=VERTEX_POINT('',#3345);
#995=VERTEX_POINT('',#3347);
#996=VERTEX_POINT('',#3351);
#997=VERTEX_POINT('',#3353);
#998=VERTEX_POINT('',#3355);
#999=VERTEX_POINT('',#3357);
#1000=VERTEX_POINT('',#3361);
#1001=VERTEX_POINT('',#3363);
#1002=VERTEX_POINT('',#3367);
#1003=VERTEX_POINT('',#3368);
#1004=VERTEX_POINT('',#3370);
#1005=VERTEX_POINT('',#3372);
#1006=VERTEX_POINT('',#3376);
#1007=VERTEX_POINT('',#3378);
#1008=VERTEX_POINT('',#3382);
#1009=VERTEX_POINT('',#3384);
#1010=VERTEX_POINT('',#3391);
#1011=VERTEX_POINT('',#3393);
#1012=VERTEX_POINT('',#3396);
#1013=VERTEX_POINT('',#3398);
#1014=VERTEX_POINT('',#3401);
#1015=VERTEX_POINT('',#3403);
#1016=VERTEX_POINT('',#3406);
#1017=VERTEX_POINT('',#3408);
#1018=VERTEX_POINT('',#3412);
#1019=VERTEX_POINT('',#3414);
#1020=VERTEX_POINT('',#3418);
#1021=VERTEX_POINT('',#3420);
#1022=VERTEX_POINT('',#3422);
#1023=VERTEX_POINT('',#3424);
#1024=VERTEX_POINT('',#3426);
#1025=VERTEX_POINT('',#3428);
#1026=VERTEX_POINT('',#3431);
#1027=VERTEX_POINT('',#3433);
#1028=VERTEX_POINT('',#3435);
#1029=VERTEX_POINT('',#3437);
#1030=VERTEX_POINT('',#3439);
#1031=VERTEX_POINT('',#3441);
#1032=VERTEX_POINT('',#3446);
#1033=VERTEX_POINT('',#3448);
#1034=VERTEX_POINT('',#3455);
#1035=VERTEX_POINT('',#3460);
#1036=VERTEX_POINT('',#3462);
#1037=VERTEX_POINT('',#3469);
#1038=VERTEX_POINT('',#3474);
#1039=VERTEX_POINT('',#3481);
#1040=VERTEX_POINT('',#3489);
#1041=VERTEX_POINT('',#3491);
#1042=VERTEX_POINT('',#3497);
#1043=VERTEX_POINT('',#3498);
#1044=VERTEX_POINT('',#3500);
#1045=VERTEX_POINT('',#3502);
#1046=VERTEX_POINT('',#3506);
#1047=VERTEX_POINT('',#3508);
#1048=VERTEX_POINT('',#3512);
#1049=VERTEX_POINT('',#3514);
#1050=VERTEX_POINT('',#3524);
#1051=VERTEX_POINT('',#3525);
#1052=VERTEX_POINT('',#3527);
#1053=VERTEX_POINT('',#3529);
#1054=VERTEX_POINT('',#3533);
#1055=VERTEX_POINT('',#3535);
#1056=VERTEX_POINT('',#3538);
#1057=VERTEX_POINT('',#3541);
#1058=VERTEX_POINT('',#3544);
#1059=VERTEX_POINT('',#3548);
#1060=VERTEX_POINT('',#3556);
#1061=VERTEX_POINT('',#3557);
#1062=VERTEX_POINT('',#3559);
#1063=VERTEX_POINT('',#3561);
#1064=VERTEX_POINT('',#3565);
#1065=VERTEX_POINT('',#3567);
#1066=VERTEX_POINT('',#3571);
#1067=VERTEX_POINT('',#3573);
#1068=VERTEX_POINT('',#3577);
#1069=VERTEX_POINT('',#3579);
#1070=VERTEX_POINT('',#3583);
#1071=VERTEX_POINT('',#3585);
#1072=VERTEX_POINT('',#3595);
#1073=VERTEX_POINT('',#3596);
#1074=VERTEX_POINT('',#3598);
#1075=VERTEX_POINT('',#3600);
#1076=VERTEX_POINT('',#3604);
#1077=VERTEX_POINT('',#3606);
#1078=VERTEX_POINT('',#3609);
#1079=VERTEX_POINT('',#3612);
#1080=VERTEX_POINT('',#3615);
#1081=VERTEX_POINT('',#3619);
#1082=LINE('',#3031,#1314);
#1083=LINE('',#3034,#1315);
#1084=LINE('',#3036,#1316);
#1085=LINE('',#3038,#1317);
#1086=LINE('',#3042,#1318);
#1087=LINE('',#3044,#1319);
#1088=LINE('',#3046,#1320);
#1089=LINE('',#3048,#1321);
#1090=LINE('',#3050,#1322);
#1091=LINE('',#3052,#1323);
#1092=LINE('',#3054,#1324);
#1093=LINE('',#3056,#1325);
#1094=LINE('',#3079,#1326);
#1095=LINE('',#3082,#1327);
#1096=LINE('',#3084,#1328);
#1097=LINE('',#3086,#1329);
#1098=LINE('',#3087,#1330);
#1099=LINE('',#3090,#1331);
#1100=LINE('',#3092,#1332);
#1101=LINE('',#3094,#1333);
#1102=LINE('',#3095,#1334);
#1103=LINE('',#3098,#1335);
#1104=LINE('',#3100,#1336);
#1105=LINE('',#3102,#1337);
#1106=LINE('',#3103,#1338);
#1107=LINE('',#3106,#1339);
#1108=LINE('',#3108,#1340);
#1109=LINE('',#3110,#1341);
#1110=LINE('',#3111,#1342);
#1111=LINE('',#3114,#1343);
#1112=LINE('',#3116,#1344);
#1113=LINE('',#3118,#1345);
#1114=LINE('',#3120,#1346);
#1115=LINE('',#3123,#1347);
#1116=LINE('',#3125,#1348);
#1117=LINE('',#3127,#1349);
#1118=LINE('',#3128,#1350);
#1119=LINE('',#3131,#1351);
#1120=LINE('',#3133,#1352);
#1121=LINE('',#3135,#1353);
#1122=LINE('',#3137,#1354);
#1123=LINE('',#3140,#1355);
#1124=LINE('',#3142,#1356);
#1125=LINE('',#3144,#1357);
#1126=LINE('',#3145,#1358);
#1127=LINE('',#3148,#1359);
#1128=LINE('',#3150,#1360);
#1129=LINE('',#3152,#1361);
#1130=LINE('',#3153,#1362);
#1131=LINE('',#3156,#1363);
#1132=LINE('',#3158,#1364);
#1133=LINE('',#3160,#1365);
#1134=LINE('',#3161,#1366);
#1135=LINE('',#3164,#1367);
#1136=LINE('',#3166,#1368);
#1137=LINE('',#3168,#1369);
#1138=LINE('',#3170,#1370);
#1139=LINE('',#3173,#1371);
#1140=LINE('',#3175,#1372);
#1141=LINE('',#3177,#1373);
#1142=LINE('',#3178,#1374);
#1143=LINE('',#3179,#1375);
#1144=LINE('',#3181,#1376);
#1145=LINE('',#3184,#1377);
#1146=LINE('',#3186,#1378);
#1147=LINE('',#3188,#1379);
#1148=LINE('',#3189,#1380);
#1149=LINE('',#3190,#1381);
#1150=LINE('',#3193,#1382);
#1151=LINE('',#3196,#1383);
#1152=LINE('',#3198,#1384);
#1153=LINE('',#3200,#1385);
#1154=LINE('',#3201,#1386);
#1155=LINE('',#3203,#1387);
#1156=LINE('',#3205,#1388);
#1157=LINE('',#3207,#1389);
#1158=LINE('',#3209,#1390);
#1159=LINE('',#3211,#1391);
#1160=LINE('',#3213,#1392);
#1161=LINE('',#3216,#1393);
#1162=LINE('',#3218,#1394);
#1163=LINE('',#3220,#1395);
#1164=LINE('',#3221,#1396);
#1165=LINE('',#3222,#1397);
#1166=LINE('',#3250,#1398);
#1167=LINE('',#3251,#1399);
#1168=LINE('',#3253,#1400);
#1169=LINE('',#3255,#1401);
#1170=LINE('',#3258,#1402);
#1171=LINE('',#3259,#1403);
#1172=LINE('',#3261,#1404);
#1173=LINE('',#3263,#1405);
#1174=LINE('',#3266,#1406);
#1175=LINE('',#3267,#1407);
#1176=LINE('',#3269,#1408);
#1177=LINE('',#3271,#1409);
#1178=LINE('',#3274,#1410);
#1179=LINE('',#3275,#1411);
#1180=LINE('',#3277,#1412);
#1181=LINE('',#3279,#1413);
#1182=LINE('',#3282,#1414);
#1183=LINE('',#3283,#1415);
#1184=LINE('',#3285,#1416);
#1185=LINE('',#3287,#1417);
#1186=LINE('',#3301,#1418);
#1187=LINE('',#3304,#1419);
#1188=LINE('',#3306,#1420);
#1189=LINE('',#3308,#1421);
#1190=LINE('',#3310,#1422);
#1191=LINE('',#3312,#1423);
#1192=LINE('',#3314,#1424);
#1193=LINE('',#3321,#1425);
#1194=LINE('',#3323,#1426);
#1195=LINE('',#3325,#1427);
#1196=LINE('',#3327,#1428);
#1197=LINE('',#3329,#1429);
#1198=LINE('',#3341,#1430);
#1199=LINE('',#3344,#1431);
#1200=LINE('',#3346,#1432);
#1201=LINE('',#3348,#1433);
#1202=LINE('',#3350,#1434);
#1203=LINE('',#3352,#1435);
#1204=LINE('',#3354,#1436);
#1205=LINE('',#3356,#1437);
#1206=LINE('',#3358,#1438);
#1207=LINE('',#3360,#1439);
#1208=LINE('',#3362,#1440);
#1209=LINE('',#3364,#1441);
#1210=LINE('',#3366,#1442);
#1211=LINE('',#3369,#1443);
#1212=LINE('',#3371,#1444);
#1213=LINE('',#3373,#1445);
#1214=LINE('',#3375,#1446);
#1215=LINE('',#3377,#1447);
#1216=LINE('',#3379,#1448);
#1217=LINE('',#3381,#1449);
#1218=LINE('',#3383,#1450);
#1219=LINE('',#3385,#1451);
#1220=LINE('',#3387,#1452);
#1221=LINE('',#3388,#1453);
#1222=LINE('',#3410,#1454);
#1223=LINE('',#3411,#1455);
#1224=LINE('',#3413,#1456);
#1225=LINE('',#3415,#1457);
#1226=LINE('',#3417,#1458);
#1227=LINE('',#3419,#1459);
#1228=LINE('',#3421,#1460);
#1229=LINE('',#3423,#1461);
#1230=LINE('',#3425,#1462);
#1231=LINE('',#3427,#1463);
#1232=LINE('',#3429,#1464);
#1233=LINE('',#3430,#1465);
#1234=LINE('',#3432,#1466);
#1235=LINE('',#3434,#1467);
#1236=LINE('',#3436,#1468);
#1237=LINE('',#3438,#1469);
#1238=LINE('',#3440,#1470);
#1239=LINE('',#3442,#1471);
#1240=LINE('',#3445,#1472);
#1241=LINE('',#3447,#1473);
#1242=LINE('',#3449,#1474);
#1243=LINE('',#3451,#1475);
#1244=LINE('',#3452,#1476);
#1245=LINE('',#3454,#1477);
#1246=LINE('',#3456,#1478);
#1247=LINE('',#3459,#1479);
#1248=LINE('',#3461,#1480);
#1249=LINE('',#3463,#1481);
#1250=LINE('',#3465,#1482);
#1251=LINE('',#3466,#1483);
#1252=LINE('',#3468,#1484);
#1253=LINE('',#3470,#1485);
#1254=LINE('',#3473,#1486);
#1255=LINE('',#3475,#1487);
#1256=LINE('',#3477,#1488);
#1257=LINE('',#3480,#1489);
#1258=LINE('',#3482,#1490);
#1259=LINE('',#3484,#1491);
#1260=LINE('',#3496,#1492);
#1261=LINE('',#3499,#1493);
#1262=LINE('',#3501,#1494);
#1263=LINE('',#3503,#1495);
#1264=LINE('',#3505,#1496);
#1265=LINE('',#3507,#1497);
#1266=LINE('',#3509,#1498);
#1267=LINE('',#3511,#1499);
#1268=LINE('',#3513,#1500);
#1269=LINE('',#3515,#1501);
#1270=LINE('',#3517,#1502);
#1271=LINE('',#3518,#1503);
#1272=LINE('',#3523,#1504);
#1273=LINE('',#3526,#1505);
#1274=LINE('',#3528,#1506);
#1275=LINE('',#3530,#1507);
#1276=LINE('',#3532,#1508);
#1277=LINE('',#3534,#1509);
#1278=LINE('',#3536,#1510);
#1279=LINE('',#3543,#1511);
#1280=LINE('',#3545,#1512);
#1281=LINE('',#3547,#1513);
#1282=LINE('',#3549,#1514);
#1283=LINE('',#3551,#1515);
#1284=LINE('',#3555,#1516);
#1285=LINE('',#3558,#1517);
#1286=LINE('',#3560,#1518);
#1287=LINE('',#3562,#1519);
#1288=LINE('',#3564,#1520);
#1289=LINE('',#3566,#1521);
#1290=LINE('',#3568,#1522);
#1291=LINE('',#3570,#1523);
#1292=LINE('',#3572,#1524);
#1293=LINE('',#3574,#1525);
#1294=LINE('',#3576,#1526);
#1295=LINE('',#3578,#1527);
#1296=LINE('',#3580,#1528);
#1297=LINE('',#3582,#1529);
#1298=LINE('',#3584,#1530);
#1299=LINE('',#3586,#1531);
#1300=LINE('',#3588,#1532);
#1301=LINE('',#3589,#1533);
#1302=LINE('',#3594,#1534);
#1303=LINE('',#3597,#1535);
#1304=LINE('',#3599,#1536);
#1305=LINE('',#3601,#1537);
#1306=LINE('',#3603,#1538);
#1307=LINE('',#3605,#1539);
#1308=LINE('',#3607,#1540);
#1309=LINE('',#3614,#1541);
#1310=LINE('',#3616,#1542);
#1311=LINE('',#3618,#1543);
#1312=LINE('',#3620,#1544);
#1313=LINE('',#3622,#1545);
#1314=VECTOR('',#2451,1.);
#1315=VECTOR('',#2452,1.);
#1316=VECTOR('',#2453,1.);
#1317=VECTOR('',#2454,1.);
#1318=VECTOR('',#2459,1.);
#1319=VECTOR('',#2460,1.);
#1320=VECTOR('',#2461,1.);
#1321=VECTOR('',#2464,1.);
#1322=VECTOR('',#2465,1.);
#1323=VECTOR('',#2468,1.);
#1324=VECTOR('',#2469,1.);
#1325=VECTOR('',#2472,1.);
#1326=VECTOR('',#2507,1.);
#1327=VECTOR('',#2508,1.);
#1328=VECTOR('',#2509,1.);
#1329=VECTOR('',#2510,1.);
#1330=VECTOR('',#2511,1.);
#1331=VECTOR('',#2512,1.);
#1332=VECTOR('',#2513,1.);
#1333=VECTOR('',#2514,1.);
#1334=VECTOR('',#2515,1.);
#1335=VECTOR('',#2516,1.);
#1336=VECTOR('',#2517,1.);
#1337=VECTOR('',#2518,1.);
#1338=VECTOR('',#2519,1.);
#1339=VECTOR('',#2520,1.);
#1340=VECTOR('',#2521,1.);
#1341=VECTOR('',#2522,1.);
#1342=VECTOR('',#2523,1.);
#1343=VECTOR('',#2524,1.);
#1344=VECTOR('',#2525,1.);
#1345=VECTOR('',#2526,1.);
#1346=VECTOR('',#2529,1.);
#1347=VECTOR('',#2530,1.);
#1348=VECTOR('',#2531,1.);
#1349=VECTOR('',#2532,1.);
#1350=VECTOR('',#2533,1.);
#1351=VECTOR('',#2534,1.);
#1352=VECTOR('',#2535,1.);
#1353=VECTOR('',#2536,1.);
#1354=VECTOR('',#2539,1.);
#1355=VECTOR('',#2540,1.);
#1356=VECTOR('',#2541,1.);
#1357=VECTOR('',#2542,1.);
#1358=VECTOR('',#2543,1.);
#1359=VECTOR('',#2544,1.);
#1360=VECTOR('',#2545,1.);
#1361=VECTOR('',#2546,1.);
#1362=VECTOR('',#2547,1.);
#1363=VECTOR('',#2548,1.);
#1364=VECTOR('',#2549,1.);
#1365=VECTOR('',#2550,1.);
#1366=VECTOR('',#2551,1.);
#1367=VECTOR('',#2552,1.);
#1368=VECTOR('',#2553,1.);
#1369=VECTOR('',#2554,1.);
#1370=VECTOR('',#2557,1.);
#1371=VECTOR('',#2558,1.);
#1372=VECTOR('',#2559,1.);
#1373=VECTOR('',#2560,1.);
#1374=VECTOR('',#2561,1.);
#1375=VECTOR('',#2562,1.);
#1376=VECTOR('',#2565,1.);
#1377=VECTOR('',#2566,1.);
#1378=VECTOR('',#2567,1.);
#1379=VECTOR('',#2568,1.);
#1380=VECTOR('',#2569,1.);
#1381=VECTOR('',#2570,1.);
#1382=VECTOR('',#2575,1.);
#1383=VECTOR('',#2576,1.);
#1384=VECTOR('',#2577,1.);
#1385=VECTOR('',#2578,1.);
#1386=VECTOR('',#2579,1.);
#1387=VECTOR('',#2580,1.);
#1388=VECTOR('',#2581,1.);
#1389=VECTOR('',#2584,1.);
#1390=VECTOR('',#2585,1.);
#1391=VECTOR('',#2586,1.);
#1392=VECTOR('',#2589,1.);
#1393=VECTOR('',#2590,1.);
#1394=VECTOR('',#2591,1.);
#1395=VECTOR('',#2592,1.);
#1396=VECTOR('',#2593,1.);
#1397=VECTOR('',#2594,1.);
#1398=VECTOR('',#2633,1.);
#1399=VECTOR('',#2634,1.);
#1400=VECTOR('',#2637,1.);
#1401=VECTOR('',#2640,1.);
#1402=VECTOR('',#2645,1.);
#1403=VECTOR('',#2646,1.);
#1404=VECTOR('',#2649,1.);
#1405=VECTOR('',#2652,1.);
#1406=VECTOR('',#2657,1.);
#1407=VECTOR('',#2658,1.);
#1408=VECTOR('',#2661,1.);
#1409=VECTOR('',#2664,1.);
#1410=VECTOR('',#2669,1.);
#1411=VECTOR('',#2670,1.);
#1412=VECTOR('',#2673,1.);
#1413=VECTOR('',#2676,1.);
#1414=VECTOR('',#2681,1.);
#1415=VECTOR('',#2682,1.);
#1416=VECTOR('',#2685,1.);
#1417=VECTOR('',#2688,1.);
#1418=VECTOR('',#2715,1.);
#1419=VECTOR('',#2716,1.);
#1420=VECTOR('',#2717,1.);
#1421=VECTOR('',#2718,1.);
#1422=VECTOR('',#2721,1.);
#1423=VECTOR('',#2722,1.);
#1424=VECTOR('',#2723,1.);
#1425=VECTOR('',#2732,1.);
#1426=VECTOR('',#2733,1.);
#1427=VECTOR('',#2736,1.);
#1428=VECTOR('',#2737,1.);
#1429=VECTOR('',#2740,1.);
#1430=VECTOR('',#2759,1.);
#1431=VECTOR('',#2760,1.);
#1432=VECTOR('',#2761,1.);
#1433=VECTOR('',#2762,1.);
#1434=VECTOR('',#2765,1.);
#1435=VECTOR('',#2766,1.);
#1436=VECTOR('',#2767,1.);
#1437=VECTOR('',#2768,1.);
#1438=VECTOR('',#2769,1.);
#1439=VECTOR('',#2772,1.);
#1440=VECTOR('',#2773,1.);
#1441=VECTOR('',#2774,1.);
#1442=VECTOR('',#2777,1.);
#1443=VECTOR('',#2778,1.);
#1444=VECTOR('',#2779,1.);
#1445=VECTOR('',#2780,1.);
#1446=VECTOR('',#2783,1.);
#1447=VECTOR('',#2784,1.);
#1448=VECTOR('',#2785,1.);
#1449=VECTOR('',#2788,1.);
#1450=VECTOR('',#2789,1.);
#1451=VECTOR('',#2790,1.);
#1452=VECTOR('',#2793,1.);
#1453=VECTOR('',#2794,1.);
#1454=VECTOR('',#2821,1.);
#1455=VECTOR('',#2822,1.);
#1456=VECTOR('',#2823,1.);
#1457=VECTOR('',#2824,1.);
#1458=VECTOR('',#2827,1.);
#1459=VECTOR('',#2828,1.);
#1460=VECTOR('',#2829,1.);
#1461=VECTOR('',#2830,1.);
#1462=VECTOR('',#2831,1.);
#1463=VECTOR('',#2832,1.);
#1464=VECTOR('',#2833,1.);
#1465=VECTOR('',#2834,1.);
#1466=VECTOR('',#2835,1.);
#1467=VECTOR('',#2836,1.);
#1468=VECTOR('',#2837,1.);
#1469=VECTOR('',#2838,1.);
#1470=VECTOR('',#2839,1.);
#1471=VECTOR('',#2840,1.);
#1472=VECTOR('',#2845,1.);
#1473=VECTOR('',#2846,1.);
#1474=VECTOR('',#2847,1.);
#1475=VECTOR('',#2850,1.);
#1476=VECTOR('',#2851,1.);
#1477=VECTOR('',#2854,1.);
#1478=VECTOR('',#2855,1.);
#1479=VECTOR('',#2860,1.);
#1480=VECTOR('',#2861,1.);
#1481=VECTOR('',#2862,1.);
#1482=VECTOR('',#2865,1.);
#1483=VECTOR('',#2866,1.);
#1484=VECTOR('',#2869,1.);
#1485=VECTOR('',#2870,1.);
#1486=VECTOR('',#2875,1.);
#1487=VECTOR('',#2876,1.);
#1488=VECTOR('',#2879,1.);
#1489=VECTOR('',#2884,1.);
#1490=VECTOR('',#2885,1.);
#1491=VECTOR('',#2888,1.);
#1492=VECTOR('',#2907,1.);
#1493=VECTOR('',#2908,1.);
#1494=VECTOR('',#2909,1.);
#1495=VECTOR('',#2910,1.);
#1496=VECTOR('',#2913,1.);
#1497=VECTOR('',#2914,1.);
#1498=VECTOR('',#2915,1.);
#1499=VECTOR('',#2918,1.);
#1500=VECTOR('',#2919,1.);
#1501=VECTOR('',#2920,1.);
#1502=VECTOR('',#2923,1.);
#1503=VECTOR('',#2924,1.);
#1504=VECTOR('',#2933,1.);
#1505=VECTOR('',#2934,1.);
#1506=VECTOR('',#2935,1.);
#1507=VECTOR('',#2936,1.);
#1508=VECTOR('',#2939,1.);
#1509=VECTOR('',#2940,1.);
#1510=VECTOR('',#2941,1.);
#1511=VECTOR('',#2950,1.);
#1512=VECTOR('',#2951,1.);
#1513=VECTOR('',#2954,1.);
#1514=VECTOR('',#2955,1.);
#1515=VECTOR('',#2958,1.);
#1516=VECTOR('',#2965,1.);
#1517=VECTOR('',#2966,1.);
#1518=VECTOR('',#2967,1.);
#1519=VECTOR('',#2968,1.);
#1520=VECTOR('',#2971,1.);
#1521=VECTOR('',#2972,1.);
#1522=VECTOR('',#2973,1.);
#1523=VECTOR('',#2976,1.);
#1524=VECTOR('',#2977,1.);
#1525=VECTOR('',#2978,1.);
#1526=VECTOR('',#2981,1.);
#1527=VECTOR('',#2982,1.);
#1528=VECTOR('',#2983,1.);
#1529=VECTOR('',#2986,1.);
#1530=VECTOR('',#2987,1.);
#1531=VECTOR('',#2988,1.);
#1532=VECTOR('',#2991,1.);
#1533=VECTOR('',#2992,1.);
#1534=VECTOR('',#3001,1.);
#1535=VECTOR('',#3002,1.);
#1536=VECTOR('',#3003,1.);
#1537=VECTOR('',#3004,1.);
#1538=VECTOR('',#3007,1.);
#1539=VECTOR('',#3008,1.);
#1540=VECTOR('',#3009,1.);
#1541=VECTOR('',#3018,1.);
#1542=VECTOR('',#3019,1.);
#1543=VECTOR('',#3022,1.);
#1544=VECTOR('',#3023,1.);
#1545=VECTOR('',#3026,1.);
#1546=EDGE_LOOP('',(#90,#91,#92,#93));
#1547=EDGE_LOOP('',(#94));
#1548=EDGE_LOOP('',(#95,#96,#97,#98));
#1549=EDGE_LOOP('',(#99,#100,#101,#102));
#1550=EDGE_LOOP('',(#103,#104,#105,#106));
#1551=EDGE_LOOP('',(#107,#108,#109,#110));
#1552=EDGE_LOOP('',(#111));
#1553=EDGE_LOOP('',(#112));
#1554=EDGE_LOOP('',(#113,#114,#115,#116));
#1555=EDGE_LOOP('',(#117));
#1556=EDGE_LOOP('',(#118));
#1557=EDGE_LOOP('',(#119));
#1558=EDGE_LOOP('',(#120));
#1559=EDGE_LOOP('',(#121));
#1560=EDGE_LOOP('',(#122));
#1561=EDGE_LOOP('',(#123));
#1562=EDGE_LOOP('',(#124));
#1563=EDGE_LOOP('',(#125));
#1564=EDGE_LOOP('',(#126,#127,#128,#129));
#1565=EDGE_LOOP('',(#130,#131,#132,#133));
#1566=EDGE_LOOP('',(#134,#135,#136,#137));
#1567=EDGE_LOOP('',(#138,#139,#140,#141));
#1568=EDGE_LOOP('',(#142,#143,#144,#145));
#1569=EDGE_LOOP('',(#146,#147,#148,#149));
#1570=EDGE_LOOP('',(#150,#151,#152,#153));
#1571=EDGE_LOOP('',(#154,#155,#156,#157));
#1572=EDGE_LOOP('',(#158,#159,#160,#161));
#1573=EDGE_LOOP('',(#162,#163,#164,#165));
#1574=EDGE_LOOP('',(#166,#167,#168,#169));
#1575=EDGE_LOOP('',(#170,#171,#172,#173));
#1576=EDGE_LOOP('',(#174,#175,#176,#177));
#1577=EDGE_LOOP('',(#178,#179,#180,#181));
#1578=EDGE_LOOP('',(#182,#183,#184,#185));
#1579=EDGE_LOOP('',(#186,#187,#188,#189));
#1580=EDGE_LOOP('',(#190,#191,#192,#193));
#1581=EDGE_LOOP('',(#194,#195,#196,#197));
#1582=EDGE_LOOP('',(#198,#199,#200,#201));
#1583=EDGE_LOOP('',(#202,#203,#204,#205));
#1584=EDGE_LOOP('',(#206,#207,#208,#209));
#1585=EDGE_LOOP('',(#210));
#1586=EDGE_LOOP('',(#211));
#1587=EDGE_LOOP('',(#212));
#1588=EDGE_LOOP('',(#213));
#1589=EDGE_LOOP('',(#214,#215,#216,#217));
#1590=EDGE_LOOP('',(#218,#219,#220,#221));
#1591=EDGE_LOOP('',(#222,#223,#224,#225));
#1592=EDGE_LOOP('',(#226));
#1593=EDGE_LOOP('',(#227));
#1594=EDGE_LOOP('',(#228));
#1595=EDGE_LOOP('',(#229));
#1596=EDGE_LOOP('',(#230));
#1597=EDGE_LOOP('',(#231));
#1598=EDGE_LOOP('',(#232));
#1599=EDGE_LOOP('',(#233));
#1600=EDGE_LOOP('',(#234));
#1601=EDGE_LOOP('',(#235));
#1602=EDGE_LOOP('',(#236));
#1603=EDGE_LOOP('',(#237));
#1604=EDGE_LOOP('',(#238,#239,#240,#241));
#1605=EDGE_LOOP('',(#242,#243,#244,#245));
#1606=EDGE_LOOP('',(#246,#247,#248,#249));
#1607=EDGE_LOOP('',(#250,#251,#252,#253));
#1608=EDGE_LOOP('',(#254,#255,#256,#257));
#1609=EDGE_LOOP('',(#258,#259,#260,#261));
#1610=EDGE_LOOP('',(#262,#263,#264,#265));
#1611=EDGE_LOOP('',(#266,#267,#268,#269));
#1612=EDGE_LOOP('',(#270,#271,#272,#273));
#1613=EDGE_LOOP('',(#274,#275,#276,#277));
#1614=EDGE_LOOP('',(#278,#279,#280,#281));
#1615=EDGE_LOOP('',(#282,#283,#284,#285));
#1616=EDGE_LOOP('',(#286,#287,#288,#289));
#1617=EDGE_LOOP('',(#290,#291,#292,#293));
#1618=EDGE_LOOP('',(#294,#295,#296,#297));
#1619=EDGE_LOOP('',(#298,#299,#300,#301));
#1620=EDGE_LOOP('',(#302,#303,#304,#305));
#1621=EDGE_LOOP('',(#306,#307,#308,#309));
#1622=EDGE_LOOP('',(#310,#311,#312,#313));
#1623=EDGE_LOOP('',(#314,#315,#316,#317));
#1624=EDGE_LOOP('',(#318,#319,#320,#321));
#1625=EDGE_LOOP('',(#322,#323));
#1626=EDGE_LOOP('',(#324,#325));
#1627=EDGE_LOOP('',(#326,#327,#328,#329));
#1628=EDGE_LOOP('',(#330,#331));
#1629=EDGE_LOOP('',(#332,#333));
#1630=EDGE_LOOP('',(#334,#335,#336,#337));
#1631=EDGE_LOOP('',(#338,#339,#340,#341));
#1632=EDGE_LOOP('',(#342));
#1633=EDGE_LOOP('',(#343));
#1634=EDGE_LOOP('',(#344));
#1635=EDGE_LOOP('',(#345,#346,#347,#348));
#1636=EDGE_LOOP('',(#349,#350,#351,#352));
#1637=EDGE_LOOP('',(#353,#354,#355,#356));
#1638=EDGE_LOOP('',(#357));
#1639=EDGE_LOOP('',(#358,#359,#360,#361));
#1640=EDGE_LOOP('',(#362));
#1641=EDGE_LOOP('',(#363));
#1642=EDGE_LOOP('',(#364));
#1643=EDGE_LOOP('',(#365));
#1644=EDGE_LOOP('',(#366,#367,#368,#369));
#1645=EDGE_LOOP('',(#370,#371,#372,#373,#374,#375));
#1646=EDGE_LOOP('',(#376,#377,#378,#379));
#1647=EDGE_LOOP('',(#380,#381,#382,#383));
#1648=EDGE_LOOP('',(#384,#385,#386,#387));
#1649=EDGE_LOOP('',(#388,#389,#390,#391));
#1650=EDGE_LOOP('',(#392,#393,#394,#395));
#1651=EDGE_LOOP('',(#396));
#1652=EDGE_LOOP('',(#397));
#1653=EDGE_LOOP('',(#398));
#1654=EDGE_LOOP('',(#399));
#1655=EDGE_LOOP('',(#400));
#1656=EDGE_LOOP('',(#401));
#1657=EDGE_LOOP('',(#402));
#1658=EDGE_LOOP('',(#403));
#1659=EDGE_LOOP('',(#404,#405,#406,#407,#408,#409));
#1660=EDGE_LOOP('',(#410,#411,#412,#413));
#1661=EDGE_LOOP('',(#414,#415,#416,#417,#418,#419,#420,#421,#422,#423,#424,
#425,#426,#427,#428,#429,#430,#431,#432,#433));
#1662=EDGE_LOOP('',(#434));
#1663=EDGE_LOOP('',(#435));
#1664=EDGE_LOOP('',(#436));
#1665=EDGE_LOOP('',(#437));
#1666=EDGE_LOOP('',(#438));
#1667=EDGE_LOOP('',(#439));
#1668=EDGE_LOOP('',(#440));
#1669=EDGE_LOOP('',(#441));
#1670=EDGE_LOOP('',(#442,#443,#444,#445));
#1671=EDGE_LOOP('',(#446,#447,#448,#449));
#1672=EDGE_LOOP('',(#450,#451,#452,#453));
#1673=EDGE_LOOP('',(#454,#455,#456,#457));
#1674=EDGE_LOOP('',(#458,#459,#460,#461,#462,#463));
#1675=EDGE_LOOP('',(#464,#465,#466));
#1676=EDGE_LOOP('',(#467,#468,#469,#470));
#1677=EDGE_LOOP('',(#471,#472,#473,#474));
#1678=EDGE_LOOP('',(#475,#476,#477,#478,#479,#480));
#1679=EDGE_LOOP('',(#481,#482,#483));
#1680=EDGE_LOOP('',(#484,#485,#486,#487));
#1681=EDGE_LOOP('',(#488,#489,#490,#491));
#1682=EDGE_LOOP('',(#492,#493,#494));
#1683=EDGE_LOOP('',(#495,#496,#497,#498));
#1684=EDGE_LOOP('',(#499,#500,#501,#502));
#1685=EDGE_LOOP('',(#503,#504,#505));
#1686=EDGE_LOOP('',(#506));
#1687=EDGE_LOOP('',(#507));
#1688=EDGE_LOOP('',(#508));
#1689=EDGE_LOOP('',(#509));
#1690=EDGE_LOOP('',(#510,#511,#512,#513));
#1691=EDGE_LOOP('',(#514,#515,#516,#517));
#1692=EDGE_LOOP('',(#518,#519,#520,#521));
#1693=EDGE_LOOP('',(#522,#523,#524,#525));
#1694=EDGE_LOOP('',(#526,#527,#528,#529));
#1695=EDGE_LOOP('',(#530,#531,#532,#533));
#1696=EDGE_LOOP('',(#534,#535,#536,#537));
#1697=EDGE_LOOP('',(#538,#539,#540,#541));
#1698=EDGE_LOOP('',(#542));
#1699=EDGE_LOOP('',(#543));
#1700=EDGE_LOOP('',(#544));
#1701=EDGE_LOOP('',(#545,#546,#547,#548));
#1702=EDGE_LOOP('',(#549,#550,#551,#552));
#1703=EDGE_LOOP('',(#553,#554,#555,#556));
#1704=EDGE_LOOP('',(#557));
#1705=EDGE_LOOP('',(#558,#559,#560,#561));
#1706=EDGE_LOOP('',(#562,#563,#564,#565));
#1707=EDGE_LOOP('',(#566,#567,#568,#569));
#1708=EDGE_LOOP('',(#570,#571,#572,#573));
#1709=EDGE_LOOP('',(#574,#575,#576,#577));
#1710=EDGE_LOOP('',(#578,#579,#580,#581));
#1711=EDGE_LOOP('',(#582,#583,#584,#585));
#1712=EDGE_LOOP('',(#586,#587,#588,#589,#590,#591));
#1713=EDGE_LOOP('',(#592,#593,#594,#595,#596,#597));
#1714=EDGE_LOOP('',(#598,#599,#600,#601));
#1715=EDGE_LOOP('',(#602,#603,#604,#605));
#1716=EDGE_LOOP('',(#606));
#1717=EDGE_LOOP('',(#607));
#1718=EDGE_LOOP('',(#608));
#1719=EDGE_LOOP('',(#609,#610,#611,#612));
#1720=EDGE_LOOP('',(#613,#614,#615,#616));
#1721=EDGE_LOOP('',(#617,#618,#619,#620));
#1722=EDGE_LOOP('',(#621));
#1723=EDGE_LOOP('',(#622,#623,#624,#625));
#1724=FACE_BOUND('',#1546,.T.);
#1725=FACE_BOUND('',#1547,.T.);
#1726=FACE_BOUND('',#1548,.T.);
#1727=FACE_BOUND('',#1549,.T.);
#1728=FACE_BOUND('',#1550,.T.);
#1729=FACE_BOUND('',#1551,.T.);
#1730=FACE_BOUND('',#1552,.T.);
#1731=FACE_BOUND('',#1553,.T.);
#1732=FACE_BOUND('',#1554,.T.);
#1733=FACE_BOUND('',#1555,.T.);
#1734=FACE_BOUND('',#1556,.T.);
#1735=FACE_BOUND('',#1557,.T.);
#1736=FACE_BOUND('',#1558,.T.);
#1737=FACE_BOUND('',#1559,.T.);
#1738=FACE_BOUND('',#1560,.T.);
#1739=FACE_BOUND('',#1561,.T.);
#1740=FACE_BOUND('',#1562,.T.);
#1741=FACE_BOUND('',#1563,.T.);
#1742=FACE_BOUND('',#1564,.T.);
#1743=FACE_BOUND('',#1565,.T.);
#1744=FACE_BOUND('',#1566,.T.);
#1745=FACE_BOUND('',#1567,.T.);
#1746=FACE_BOUND('',#1568,.T.);
#1747=FACE_BOUND('',#1569,.T.);
#1748=FACE_BOUND('',#1570,.T.);
#1749=FACE_BOUND('',#1571,.T.);
#1750=FACE_BOUND('',#1572,.T.);
#1751=FACE_BOUND('',#1573,.T.);
#1752=FACE_BOUND('',#1574,.T.);
#1753=FACE_BOUND('',#1575,.T.);
#1754=FACE_BOUND('',#1576,.T.);
#1755=FACE_BOUND('',#1577,.T.);
#1756=FACE_BOUND('',#1578,.T.);
#1757=FACE_BOUND('',#1579,.T.);
#1758=FACE_BOUND('',#1580,.T.);
#1759=FACE_BOUND('',#1581,.T.);
#1760=FACE_BOUND('',#1582,.T.);
#1761=FACE_BOUND('',#1583,.T.);
#1762=FACE_BOUND('',#1584,.T.);
#1763=FACE_BOUND('',#1585,.T.);
#1764=FACE_BOUND('',#1586,.T.);
#1765=FACE_BOUND('',#1587,.T.);
#1766=FACE_BOUND('',#1588,.T.);
#1767=FACE_BOUND('',#1589,.T.);
#1768=FACE_BOUND('',#1590,.T.);
#1769=FACE_BOUND('',#1591,.T.);
#1770=FACE_BOUND('',#1592,.T.);
#1771=FACE_BOUND('',#1593,.T.);
#1772=FACE_BOUND('',#1594,.T.);
#1773=FACE_BOUND('',#1595,.T.);
#1774=FACE_BOUND('',#1596,.T.);
#1775=FACE_BOUND('',#1597,.T.);
#1776=FACE_BOUND('',#1598,.T.);
#1777=FACE_BOUND('',#1599,.T.);
#1778=FACE_BOUND('',#1600,.T.);
#1779=FACE_BOUND('',#1601,.T.);
#1780=FACE_BOUND('',#1602,.T.);
#1781=FACE_BOUND('',#1603,.T.);
#1782=FACE_BOUND('',#1604,.T.);
#1783=FACE_BOUND('',#1605,.T.);
#1784=FACE_BOUND('',#1606,.T.);
#1785=FACE_BOUND('',#1607,.T.);
#1786=FACE_BOUND('',#1608,.T.);
#1787=FACE_BOUND('',#1609,.T.);
#1788=FACE_BOUND('',#1610,.T.);
#1789=FACE_BOUND('',#1611,.T.);
#1790=FACE_BOUND('',#1612,.T.);
#1791=FACE_BOUND('',#1613,.T.);
#1792=FACE_BOUND('',#1614,.T.);
#1793=FACE_BOUND('',#1615,.T.);
#1794=FACE_BOUND('',#1616,.T.);
#1795=FACE_BOUND('',#1617,.T.);
#1796=FACE_BOUND('',#1618,.T.);
#1797=FACE_BOUND('',#1619,.T.);
#1798=FACE_BOUND('',#1620,.T.);
#1799=FACE_BOUND('',#1621,.T.);
#1800=FACE_BOUND('',#1622,.T.);
#1801=FACE_BOUND('',#1623,.T.);
#1802=FACE_BOUND('',#1624,.T.);
#1803=FACE_BOUND('',#1625,.T.);
#1804=FACE_BOUND('',#1626,.T.);
#1805=FACE_BOUND('',#1627,.T.);
#1806=FACE_BOUND('',#1628,.T.);
#1807=FACE_BOUND('',#1629,.T.);
#1808=FACE_BOUND('',#1630,.T.);
#1809=FACE_BOUND('',#1631,.T.);
#1810=FACE_BOUND('',#1632,.T.);
#1811=FACE_BOUND('',#1633,.T.);
#1812=FACE_BOUND('',#1634,.T.);
#1813=FACE_BOUND('',#1635,.T.);
#1814=FACE_BOUND('',#1636,.T.);
#1815=FACE_BOUND('',#1637,.T.);
#1816=FACE_BOUND('',#1638,.T.);
#1817=FACE_BOUND('',#1639,.T.);
#1818=FACE_BOUND('',#1640,.T.);
#1819=FACE_BOUND('',#1641,.T.);
#1820=FACE_BOUND('',#1642,.T.);
#1821=FACE_BOUND('',#1643,.T.);
#1822=FACE_BOUND('',#1644,.T.);
#1823=FACE_BOUND('',#1645,.T.);
#1824=FACE_BOUND('',#1646,.T.);
#1825=FACE_BOUND('',#1647,.T.);
#1826=FACE_BOUND('',#1648,.T.);
#1827=FACE_BOUND('',#1649,.T.);
#1828=FACE_BOUND('',#1650,.T.);
#1829=FACE_BOUND('',#1651,.T.);
#1830=FACE_BOUND('',#1652,.T.);
#1831=FACE_BOUND('',#1653,.T.);
#1832=FACE_BOUND('',#1654,.T.);
#1833=FACE_BOUND('',#1655,.T.);
#1834=FACE_BOUND('',#1656,.T.);
#1835=FACE_BOUND('',#1657,.T.);
#1836=FACE_BOUND('',#1658,.T.);
#1837=FACE_BOUND('',#1659,.T.);
#1838=FACE_BOUND('',#1660,.T.);
#1839=FACE_BOUND('',#1661,.T.);
#1840=FACE_BOUND('',#1662,.T.);
#1841=FACE_BOUND('',#1663,.T.);
#1842=FACE_BOUND('',#1664,.T.);
#1843=FACE_BOUND('',#1665,.T.);
#1844=FACE_BOUND('',#1666,.T.);
#1845=FACE_BOUND('',#1667,.T.);
#1846=FACE_BOUND('',#1668,.T.);
#1847=FACE_BOUND('',#1669,.T.);
#1848=FACE_BOUND('',#1670,.T.);
#1849=FACE_BOUND('',#1671,.T.);
#1850=FACE_BOUND('',#1672,.T.);
#1851=FACE_BOUND('',#1673,.T.);
#1852=FACE_BOUND('',#1674,.T.);
#1853=FACE_BOUND('',#1675,.T.);
#1854=FACE_BOUND('',#1676,.T.);
#1855=FACE_BOUND('',#1677,.T.);
#1856=FACE_BOUND('',#1678,.T.);
#1857=FACE_BOUND('',#1679,.T.);
#1858=FACE_BOUND('',#1680,.T.);
#1859=FACE_BOUND('',#1681,.T.);
#1860=FACE_BOUND('',#1682,.T.);
#1861=FACE_BOUND('',#1683,.T.);
#1862=FACE_BOUND('',#1684,.T.);
#1863=FACE_BOUND('',#1685,.T.);
#1864=FACE_BOUND('',#1686,.T.);
#1865=FACE_BOUND('',#1687,.T.);
#1866=FACE_BOUND('',#1688,.T.);
#1867=FACE_BOUND('',#1689,.T.);
#1868=FACE_BOUND('',#1690,.T.);
#1869=FACE_BOUND('',#1691,.T.);
#1870=FACE_BOUND('',#1692,.T.);
#1871=FACE_BOUND('',#1693,.T.);
#1872=FACE_BOUND('',#1694,.T.);
#1873=FACE_BOUND('',#1695,.T.);
#1874=FACE_BOUND('',#1696,.T.);
#1875=FACE_BOUND('',#1697,.T.);
#1876=FACE_BOUND('',#1698,.T.);
#1877=FACE_BOUND('',#1699,.T.);
#1878=FACE_BOUND('',#1700,.T.);
#1879=FACE_BOUND('',#1701,.T.);
#1880=FACE_BOUND('',#1702,.T.);
#1881=FACE_BOUND('',#1703,.T.);
#1882=FACE_BOUND('',#1704,.T.);
#1883=FACE_BOUND('',#1705,.T.);
#1884=FACE_BOUND('',#1706,.T.);
#1885=FACE_BOUND('',#1707,.T.);
#1886=FACE_BOUND('',#1708,.T.);
#1887=FACE_BOUND('',#1709,.T.);
#1888=FACE_BOUND('',#1710,.T.);
#1889=FACE_BOUND('',#1711,.T.);
#1890=FACE_BOUND('',#1712,.T.);
#1891=FACE_BOUND('',#1713,.T.);
#1892=FACE_BOUND('',#1714,.T.);
#1893=FACE_BOUND('',#1715,.T.);
#1894=FACE_BOUND('',#1716,.T.);
#1895=FACE_BOUND('',#1717,.T.);
#1896=FACE_BOUND('',#1718,.T.);
#1897=FACE_BOUND('',#1719,.T.);
#1898=FACE_BOUND('',#1720,.T.);
#1899=FACE_BOUND('',#1721,.T.);
#1900=FACE_BOUND('',#1722,.T.);
#1901=FACE_BOUND('',#1723,.T.);
#1902=PLANE('',#2273);
#1903=PLANE('',#2274);
#1904=PLANE('',#2276);
#1905=PLANE('',#2277);
#1906=PLANE('',#2278);
#1907=PLANE('',#2281);
#1908=PLANE('',#2286);
#1909=PLANE('',#2287);
#1910=PLANE('',#2292);
#1911=PLANE('',#2293);
#1912=PLANE('',#2295);
#1913=PLANE('',#2296);
#1914=PLANE('',#2297);
#1915=PLANE('',#2298);
#1916=PLANE('',#2299);
#1917=PLANE('',#2300);
#1918=PLANE('',#2301);
#1919=PLANE('',#2302);
#1920=PLANE('',#2303);
#1921=PLANE('',#2304);
#1922=PLANE('',#2309);
#1923=PLANE('',#2312);
#1924=PLANE('',#2315);
#1925=PLANE('',#2318);
#1926=PLANE('',#2321);
#1927=PLANE('',#2322);
#1928=PLANE('',#2323);
#1929=PLANE('',#2324);
#1930=PLANE('',#2325);
#1931=PLANE('',#2326);
#1932=PLANE('',#2327);
#1933=PLANE('',#2328);
#1934=PLANE('',#2329);
#1935=PLANE('',#2330);
#1936=PLANE('',#2331);
#1937=PLANE('',#2332);
#1938=PLANE('',#2333);
#1939=PLANE('',#2334);
#1940=PLANE('',#2335);
#1941=PLANE('',#2336);
#1942=PLANE('',#2337);
#1943=PLANE('',#2338);
#1944=PLANE('',#2339);
#1945=PLANE('',#2340);
#1946=PLANE('',#2341);
#1947=PLANE('',#2345);
#1948=PLANE('',#2346);
#1949=PLANE('',#2350);
#1950=PLANE('',#2351);
#1951=PLANE('',#2353);
#1952=PLANE('',#2354);
#1953=PLANE('',#2358);
#1954=PLANE('',#2359);
#1955=PLANE('',#2360);
#1956=PLANE('',#2361);
#1957=PLANE('',#2366);
#1958=PLANE('',#2367);
#1959=PLANE('',#2369);
#1960=PLANE('',#2370);
#1961=PLANE('',#2371);
#1962=PLANE('',#2372);
#1963=PLANE('',#2373);
#1964=PLANE('',#2374);
#1965=PLANE('',#2375);
#1966=PLANE('',#2388);
#1967=PLANE('',#2389);
#1968=PLANE('',#2390);
#1969=PLANE('',#2391);
#1970=PLANE('',#2392);
#1971=PLANE('',#2393);
#1972=PLANE('',#2394);
#1973=PLANE('',#2395);
#1974=PLANE('',#2396);
#1975=PLANE('',#2397);
#1976=PLANE('',#2398);
#1977=PLANE('',#2399);
#1978=PLANE('',#2400);
#1979=PLANE('',#2401);
#1980=PLANE('',#2402);
#1981=PLANE('',#2403);
#1982=PLANE('',#2404);
#1983=PLANE('',#2409);
#1984=PLANE('',#2410);
#1985=PLANE('',#2412);
#1986=PLANE('',#2413);
#1987=PLANE('',#2414);
#1988=PLANE('',#2415);
#1989=PLANE('',#2416);
#1990=PLANE('',#2417);
#1991=PLANE('',#2419);
#1992=PLANE('',#2420);
#1993=PLANE('',#2424);
#1994=PLANE('',#2425);
#1995=PLANE('',#2426);
#1996=PLANE('',#2427);
#1997=PLANE('',#2429);
#1998=PLANE('',#2430);
#1999=PLANE('',#2431);
#2000=PLANE('',#2432);
#2001=PLANE('',#2433);
#2002=PLANE('',#2434);
#2003=PLANE('',#2435);
#2004=PLANE('',#2436);
#2005=PLANE('',#2438);
#2006=PLANE('',#2439);
#2007=PLANE('',#2443);
#2008=PLANE('',#2444);
#2009=PLANE('',#2445);
#2010=PLANE('',#2446);
#2011=ADVANCED_FACE('',(#1724),#1902,.F.);
#2012=ADVANCED_FACE('',(#1725,#1726),#1903,.F.);
#2013=ADVANCED_FACE('',(#1727),#1904,.F.);
#2014=ADVANCED_FACE('',(#1728),#1905,.T.);
#2015=ADVANCED_FACE('',(#1729),#1906,.T.);
#2016=ADVANCED_FACE('',(#1730,#1731),#36,.F.);
#2017=ADVANCED_FACE('',(#1732,#1733),#1907,.T.);
#2018=ADVANCED_FACE('',(#1734,#1735),#37,.T.);
#2019=ADVANCED_FACE('',(#1736),#1908,.T.);
#2020=ADVANCED_FACE('',(#1737),#1909,.F.);
#2021=ADVANCED_FACE('',(#1738,#1739),#38,.T.);
#2022=ADVANCED_FACE('',(#1740),#1910,.T.);
#2023=ADVANCED_FACE('',(#1741),#1911,.F.);
#2024=ADVANCED_FACE('',(#1742,#1743,#1744,#1745,#1746),#1912,.F.);
#2025=ADVANCED_FACE('',(#1747,#1748),#1913,.T.);
#2026=ADVANCED_FACE('',(#1749,#1750,#1751,#1752),#1914,.T.);
#2027=ADVANCED_FACE('',(#1753,#1754),#1915,.F.);
#2028=ADVANCED_FACE('',(#1755,#1756),#1916,.T.);
#2029=ADVANCED_FACE('',(#1757),#1917,.F.);
#2030=ADVANCED_FACE('',(#1758,#1759),#1918,.T.);
#2031=ADVANCED_FACE('',(#1760),#1919,.F.);
#2032=ADVANCED_FACE('',(#1761,#1762),#1920,.F.);
#2033=ADVANCED_FACE('',(#1763,#1764,#1765,#1766,#1767,#1768),#1921,.T.);
#2034=ADVANCED_FACE('',(#1769),#1922,.T.);
#2035=ADVANCED_FACE('',(#1770,#1771),#39,.F.);
#2036=ADVANCED_FACE('',(#1772),#1923,.T.);
#2037=ADVANCED_FACE('',(#1773,#1774),#40,.F.);
#2038=ADVANCED_FACE('',(#1775),#1924,.T.);
#2039=ADVANCED_FACE('',(#1776,#1777),#41,.F.);
#2040=ADVANCED_FACE('',(#1778),#1925,.T.);
#2041=ADVANCED_FACE('',(#1779,#1780),#42,.F.);
#2042=ADVANCED_FACE('',(#1781),#1926,.T.);
#2043=ADVANCED_FACE('',(#1782),#1927,.F.);
#2044=ADVANCED_FACE('',(#1783),#1928,.T.);
#2045=ADVANCED_FACE('',(#1784),#1929,.T.);
#2046=ADVANCED_FACE('',(#1785),#1930,.F.);
#2047=ADVANCED_FACE('',(#1786),#1931,.F.);
#2048=ADVANCED_FACE('',(#1787),#1932,.T.);
#2049=ADVANCED_FACE('',(#1788),#1933,.T.);
#2050=ADVANCED_FACE('',(#1789),#1934,.F.);
#2051=ADVANCED_FACE('',(#1790),#1935,.T.);
#2052=ADVANCED_FACE('',(#1791),#1936,.F.);
#2053=ADVANCED_FACE('',(#1792),#1937,.F.);
#2054=ADVANCED_FACE('',(#1793),#1938,.T.);
#2055=ADVANCED_FACE('',(#1794),#1939,.T.);
#2056=ADVANCED_FACE('',(#1795),#1940,.F.);
#2057=ADVANCED_FACE('',(#1796),#1941,.F.);
#2058=ADVANCED_FACE('',(#1797),#1942,.T.);
#2059=ADVANCED_FACE('',(#1798),#1943,.T.);
#2060=ADVANCED_FACE('',(#1799),#1944,.F.);
#2061=ADVANCED_FACE('',(#1800),#1945,.F.);
#2062=ADVANCED_FACE('',(#1801),#1946,.T.);
#2063=ADVANCED_FACE('',(#1802),#43,.T.);
#2064=ADVANCED_FACE('',(#1803),#1947,.T.);
#2065=ADVANCED_FACE('',(#1804),#1948,.F.);
#2066=ADVANCED_FACE('',(#1805),#44,.T.);
#2067=ADVANCED_FACE('',(#1806),#1949,.T.);
#2068=ADVANCED_FACE('',(#1807),#1950,.F.);
#2069=ADVANCED_FACE('',(#1808),#1951,.F.);
#2070=ADVANCED_FACE('',(#1809,#1810),#1952,.F.);
#2071=ADVANCED_FACE('',(#1811,#1812),#45,.F.);
#2072=ADVANCED_FACE('',(#1813),#1953,.F.);
#2073=ADVANCED_FACE('',(#1814),#1954,.T.);
#2074=ADVANCED_FACE('',(#1815),#1955,.T.);
#2075=ADVANCED_FACE('',(#1816,#1817),#1956,.T.);
#2076=ADVANCED_FACE('',(#1818,#1819),#46,.T.);
#2077=ADVANCED_FACE('',(#1820),#1957,.T.);
#2078=ADVANCED_FACE('',(#1821),#1958,.F.);
#2079=ADVANCED_FACE('',(#1822),#1959,.T.);
#2080=ADVANCED_FACE('',(#1823),#1960,.F.);
#2081=ADVANCED_FACE('',(#1824),#1961,.F.);
#2082=ADVANCED_FACE('',(#1825),#1962,.T.);
#2083=ADVANCED_FACE('',(#1826),#1963,.F.);
#2084=ADVANCED_FACE('',(#1827),#1964,.F.);
#2085=ADVANCED_FACE('',(#1828),#1965,.T.);
#2086=ADVANCED_FACE('',(#1829,#1830),#47,.F.);
#2087=ADVANCED_FACE('',(#1831,#1832),#48,.F.);
#2088=ADVANCED_FACE('',(#1833,#1834),#49,.F.);
#2089=ADVANCED_FACE('',(#1835,#1836),#50,.F.);
#2090=ADVANCED_FACE('',(#1837),#1966,.T.);
#2091=ADVANCED_FACE('',(#1838,#1839,#1840,#1841,#1842,#1843),#1967,.T.);
#2092=ADVANCED_FACE('',(#1844,#1845,#1846,#1847,#1848,#1849),#1968,.F.);
#2093=ADVANCED_FACE('',(#1850),#1969,.F.);
#2094=ADVANCED_FACE('',(#1851),#1970,.F.);
#2095=ADVANCED_FACE('',(#1852),#1971,.T.);
#2096=ADVANCED_FACE('',(#1853),#1972,.F.);
#2097=ADVANCED_FACE('',(#1854),#1973,.F.);
#2098=ADVANCED_FACE('',(#1855),#1974,.F.);
#2099=ADVANCED_FACE('',(#1856),#1975,.T.);
#2100=ADVANCED_FACE('',(#1857),#1976,.F.);
#2101=ADVANCED_FACE('',(#1858),#1977,.F.);
#2102=ADVANCED_FACE('',(#1859),#1978,.F.);
#2103=ADVANCED_FACE('',(#1860),#1979,.T.);
#2104=ADVANCED_FACE('',(#1861),#1980,.F.);
#2105=ADVANCED_FACE('',(#1862),#1981,.F.);
#2106=ADVANCED_FACE('',(#1863),#1982,.T.);
#2107=ADVANCED_FACE('',(#1864,#1865),#51,.T.);
#2108=ADVANCED_FACE('',(#1866),#1983,.T.);
#2109=ADVANCED_FACE('',(#1867),#1984,.F.);
#2110=ADVANCED_FACE('',(#1868),#1985,.T.);
#2111=ADVANCED_FACE('',(#1869),#1986,.F.);
#2112=ADVANCED_FACE('',(#1870),#1987,.F.);
#2113=ADVANCED_FACE('',(#1871),#1988,.T.);
#2114=ADVANCED_FACE('',(#1872),#1989,.T.);
#2115=ADVANCED_FACE('',(#1873),#1990,.F.);
#2116=ADVANCED_FACE('',(#1874),#1991,.F.);
#2117=ADVANCED_FACE('',(#1875,#1876),#1992,.F.);
#2118=ADVANCED_FACE('',(#1877,#1878),#52,.F.);
#2119=ADVANCED_FACE('',(#1879),#1993,.F.);
#2120=ADVANCED_FACE('',(#1880),#1994,.T.);
#2121=ADVANCED_FACE('',(#1881),#1995,.T.);
#2122=ADVANCED_FACE('',(#1882,#1883),#1996,.T.);
#2123=ADVANCED_FACE('',(#1884),#1997,.T.);
#2124=ADVANCED_FACE('',(#1885),#1998,.F.);
#2125=ADVANCED_FACE('',(#1886),#1999,.F.);
#2126=ADVANCED_FACE('',(#1887),#2000,.T.);
#2127=ADVANCED_FACE('',(#1888),#2001,.F.);
#2128=ADVANCED_FACE('',(#1889),#2002,.F.);
#2129=ADVANCED_FACE('',(#1890),#2003,.T.);
#2130=ADVANCED_FACE('',(#1891),#2004,.F.);
#2131=ADVANCED_FACE('',(#1892),#2005,.F.);
#2132=ADVANCED_FACE('',(#1893,#1894),#2006,.F.);
#2133=ADVANCED_FACE('',(#1895,#1896),#53,.F.);
#2134=ADVANCED_FACE('',(#1897),#2007,.F.);
#2135=ADVANCED_FACE('',(#1898),#2008,.T.);
#2136=ADVANCED_FACE('',(#1899),#2009,.T.);
#2137=ADVANCED_FACE('',(#1900,#1901),#2010,.T.);
#2138=CLOSED_SHELL('',(#2011,#2012,#2013,#2014,#2015,#2016,#2017));
#2139=CLOSED_SHELL('',(#2018,#2019,#2020));
#2140=CLOSED_SHELL('',(#2021,#2022,#2023));
#2141=CLOSED_SHELL('',(#2024,#2025,#2026,#2027,#2028,#2029,#2030,#2031,
#2032,#2033,#2034,#2035,#2036,#2037,#2038,#2039,#2040,#2041,#2042,#2043,
#2044,#2045,#2046,#2047,#2048,#2049,#2050,#2051,#2052,#2053,#2054,#2055,
#2056,#2057,#2058,#2059,#2060,#2061,#2062,#2063,#2064,#2065,#2066,#2067,
#2068));
#2142=CLOSED_SHELL('',(#2069,#2070,#2071,#2072,#2073,#2074,#2075));
#2143=CLOSED_SHELL('',(#2076,#2077,#2078));
#2144=CLOSED_SHELL('',(#2079,#2080,#2081,#2082,#2083,#2084,#2085,#2086,
#2087,#2088,#2089,#2090,#2091,#2092,#2093,#2094,#2095,#2096,#2097,#2098,
#2099,#2100,#2101,#2102,#2103,#2104,#2105,#2106));
#2145=CLOSED_SHELL('',(#2107,#2108,#2109));
#2146=CLOSED_SHELL('',(#2110,#2111,#2112,#2113,#2114,#2115));
#2147=CLOSED_SHELL('',(#2116,#2117,#2118,#2119,#2120,#2121,#2122));
#2148=CLOSED_SHELL('',(#2123,#2124,#2125,#2126,#2127,#2128,#2129,#2130));
#2149=CLOSED_SHELL('',(#2131,#2132,#2133,#2134,#2135,#2136,#2137));
#2150=STYLED_ITEM('',(#2162),#2236);
#2151=STYLED_ITEM('',(#2163),#2237);
#2152=STYLED_ITEM('',(#2164),#2238);
#2153=STYLED_ITEM('',(#2165),#2239);
#2154=STYLED_ITEM('',(#2166),#2240);
#2155=STYLED_ITEM('',(#2167),#2241);
#2156=STYLED_ITEM('',(#2168),#2242);
#2157=STYLED_ITEM('',(#2169),#2243);
#2158=STYLED_ITEM('',(#2170),#2244);
#2159=STYLED_ITEM('',(#2171),#2245);
#2160=STYLED_ITEM('',(#2172),#2246);
#2161=STYLED_ITEM('',(#2173),#2247);
#2162=PRESENTATION_STYLE_ASSIGNMENT((#2174));
#2163=PRESENTATION_STYLE_ASSIGNMENT((#2175));
#2164=PRESENTATION_STYLE_ASSIGNMENT((#2176));
#2165=PRESENTATION_STYLE_ASSIGNMENT((#2177));
#2166=PRESENTATION_STYLE_ASSIGNMENT((#2178));
#2167=PRESENTATION_STYLE_ASSIGNMENT((#2179));
#2168=PRESENTATION_STYLE_ASSIGNMENT((#2180));
#2169=PRESENTATION_STYLE_ASSIGNMENT((#2181));
#2170=PRESENTATION_STYLE_ASSIGNMENT((#2182));
#2171=PRESENTATION_STYLE_ASSIGNMENT((#2183));
#2172=PRESENTATION_STYLE_ASSIGNMENT((#2184));
#2173=PRESENTATION_STYLE_ASSIGNMENT((#2185));
#2174=SURFACE_STYLE_USAGE(.BOTH.,#2186);
#2175=SURFACE_STYLE_USAGE(.BOTH.,#2187);
#2176=SURFACE_STYLE_USAGE(.BOTH.,#2188);
#2177=SURFACE_STYLE_USAGE(.BOTH.,#2189);
#2178=SURFACE_STYLE_USAGE(.BOTH.,#2190);
#2179=SURFACE_STYLE_USAGE(.BOTH.,#2191);
#2180=SURFACE_STYLE_USAGE(.BOTH.,#2192);
#2181=SURFACE_STYLE_USAGE(.BOTH.,#2193);
#2182=SURFACE_STYLE_USAGE(.BOTH.,#2194);
#2183=SURFACE_STYLE_USAGE(.BOTH.,#2195);
#2184=SURFACE_STYLE_USAGE(.BOTH.,#2196);
#2185=SURFACE_STYLE_USAGE(.BOTH.,#2197);
#2186=SURFACE_SIDE_STYLE('',(#2198));
#2187=SURFACE_SIDE_STYLE('',(#2199));
#2188=SURFACE_SIDE_STYLE('',(#2200));
#2189=SURFACE_SIDE_STYLE('',(#2201));
#2190=SURFACE_SIDE_STYLE('',(#2202));
#2191=SURFACE_SIDE_STYLE('',(#2203));
#2192=SURFACE_SIDE_STYLE('',(#2204));
#2193=SURFACE_SIDE_STYLE('',(#2205));
#2194=SURFACE_SIDE_STYLE('',(#2206));
#2195=SURFACE_SIDE_STYLE('',(#2207));
#2196=SURFACE_SIDE_STYLE('',(#2208));
#2197=SURFACE_SIDE_STYLE('',(#2209));
#2198=SURFACE_STYLE_FILL_AREA(#2210);
#2199=SURFACE_STYLE_FILL_AREA(#2211);
#2200=SURFACE_STYLE_FILL_AREA(#2212);
#2201=SURFACE_STYLE_FILL_AREA(#2213);
#2202=SURFACE_STYLE_FILL_AREA(#2214);
#2203=SURFACE_STYLE_FILL_AREA(#2215);
#2204=SURFACE_STYLE_FILL_AREA(#2216);
#2205=SURFACE_STYLE_FILL_AREA(#2217);
#2206=SURFACE_STYLE_FILL_AREA(#2218);
#2207=SURFACE_STYLE_FILL_AREA(#2219);
#2208=SURFACE_STYLE_FILL_AREA(#2220);
#2209=SURFACE_STYLE_FILL_AREA(#2221);
#2210=FILL_AREA_STYLE('',(#2222));
#2211=FILL_AREA_STYLE('',(#2223));
#2212=FILL_AREA_STYLE('',(#2224));
#2213=FILL_AREA_STYLE('',(#2225));
#2214=FILL_AREA_STYLE('',(#2226));
#2215=FILL_AREA_STYLE('',(#2227));
#2216=FILL_AREA_STYLE('',(#2228));
#2217=FILL_AREA_STYLE('',(#2229));
#2218=FILL_AREA_STYLE('',(#2230));
#2219=FILL_AREA_STYLE('',(#2231));
#2220=FILL_AREA_STYLE('',(#2232));
#2221=FILL_AREA_STYLE('',(#2233));
#2222=FILL_AREA_STYLE_COLOUR('',#2234);
#2223=FILL_AREA_STYLE_COLOUR('',#10);
#2224=FILL_AREA_STYLE_COLOUR('',#11);
#2225=FILL_AREA_STYLE_COLOUR('',#2235);
#2226=FILL_AREA_STYLE_COLOUR('',#2234);
#2227=FILL_AREA_STYLE_COLOUR('',#10);
#2228=FILL_AREA_STYLE_COLOUR('',#10);
#2229=FILL_AREA_STYLE_COLOUR('',#11);
#2230=FILL_AREA_STYLE_COLOUR('',#2234);
#2231=FILL_AREA_STYLE_COLOUR('',#2234);
#2232=FILL_AREA_STYLE_COLOUR('',#2234);
#2233=FILL_AREA_STYLE_COLOUR('',#2234);
#2234=COLOUR_RGB('',0.8,0.749019607843137,0.913725490196078);
#2235=COLOUR_RGB('',0.92156862745098,0.8,0.654901960784314);
#2236=MANIFOLD_SOLID_BREP('Part 6',#2138);
#2237=MANIFOLD_SOLID_BREP('Part 12',#2139);
#2238=MANIFOLD_SOLID_BREP('Part 10',#2140);
#2239=MANIFOLD_SOLID_BREP('Part 1',#2141);
#2240=MANIFOLD_SOLID_BREP('Part 7',#2142);
#2241=MANIFOLD_SOLID_BREP('Part 11',#2143);
#2242=MANIFOLD_SOLID_BREP('Part 8',#2144);
#2243=MANIFOLD_SOLID_BREP('Part 9',#2145);
#2244=MANIFOLD_SOLID_BREP('Part 2',#2146);
#2245=MANIFOLD_SOLID_BREP('Part 4',#2147);
#2246=MANIFOLD_SOLID_BREP('Part 3',#2148);
#2247=MANIFOLD_SOLID_BREP('Part 5',#2149);
#2248=SHAPE_DEFINITION_REPRESENTATION(#3696,#2260);
#2249=SHAPE_DEFINITION_REPRESENTATION(#3697,#2261);
#2250=SHAPE_DEFINITION_REPRESENTATION(#3698,#2262);
#2251=SHAPE_DEFINITION_REPRESENTATION(#3699,#2263);
#2252=SHAPE_DEFINITION_REPRESENTATION(#3700,#2264);
#2253=SHAPE_DEFINITION_REPRESENTATION(#3701,#2265);
#2254=SHAPE_DEFINITION_REPRESENTATION(#3702,#2266);
#2255=SHAPE_DEFINITION_REPRESENTATION(#3703,#2267);
#2256=SHAPE_DEFINITION_REPRESENTATION(#3704,#2268);
#2257=SHAPE_DEFINITION_REPRESENTATION(#3705,#2269);
#2258=SHAPE_DEFINITION_REPRESENTATION(#3706,#2270);
#2259=SHAPE_DEFINITION_REPRESENTATION(#3707,#2271);
#2260=SHAPE_REPRESENTATION('Part 6',(#2272),#3636);
#2261=SHAPE_REPRESENTATION('Part 12',(#2282),#3637);
#2262=SHAPE_REPRESENTATION('Part 10',(#2288),#3638);
#2263=SHAPE_REPRESENTATION('Part 1',(#2294),#3639);
#2264=SHAPE_REPRESENTATION('Part 7',(#2352),#3640);
#2265=SHAPE_REPRESENTATION('Part 11',(#2362),#3641);
#2266=SHAPE_REPRESENTATION('Part 8',(#2368),#3642);
#2267=SHAPE_REPRESENTATION('Part 9',(#2405),#3643);
#2268=SHAPE_REPRESENTATION('Part 2',(#2411),#3644);
#2269=SHAPE_REPRESENTATION('Part 4',(#2418),#3645);
#2270=SHAPE_REPRESENTATION('Part 3',(#2428),#3646);
#2271=SHAPE_REPRESENTATION('Part 5',(#2437),#3647);
#2272=AXIS2_PLACEMENT_3D('',#3029,#2447,#2448);
#2273=AXIS2_PLACEMENT_3D('',#3030,#2449,#2450);
#2274=AXIS2_PLACEMENT_3D('',#3039,#2455,#2456);
#2275=AXIS2_PLACEMENT_3D('',#3040,#2457,#2458);
#2276=AXIS2_PLACEMENT_3D('',#3047,#2462,#2463);
#2277=AXIS2_PLACEMENT_3D('',#3051,#2466,#2467);
#2278=AXIS2_PLACEMENT_3D('',#3055,#2470,#2471);
#2279=AXIS2_PLACEMENT_3D('',#3057,#2473,#2474);
#2280=AXIS2_PLACEMENT_3D('',#3058,#2475,#2476);
#2281=AXIS2_PLACEMENT_3D('',#3060,#2477,#2478);
#2282=AXIS2_PLACEMENT_3D('',#3061,#2479,#2480);
#2283=AXIS2_PLACEMENT_3D('',#3062,#2481,#2482);
#2284=AXIS2_PLACEMENT_3D('',#3063,#2483,#2484);
#2285=AXIS2_PLACEMENT_3D('',#3065,#2485,#2486);
#2286=AXIS2_PLACEMENT_3D('',#3067,#2487,#2488);
#2287=AXIS2_PLACEMENT_3D('',#3068,#2489,#2490);
#2288=AXIS2_PLACEMENT_3D('',#3069,#2491,#2492);
#2289=AXIS2_PLACEMENT_3D('',#3070,#2493,#2494);
#2290=AXIS2_PLACEMENT_3D('',#3071,#2495,#2496);
#2291=AXIS2_PLACEMENT_3D('',#3073,#2497,#2498);
#2292=AXIS2_PLACEMENT_3D('',#3075,#2499,#2500);
#2293=AXIS2_PLACEMENT_3D('',#3076,#2501,#2502);
#2294=AXIS2_PLACEMENT_3D('',#3077,#2503,#2504);
#2295=AXIS2_PLACEMENT_3D('',#3078,#2505,#2506);
#2296=AXIS2_PLACEMENT_3D('',#3119,#2527,#2528);
#2297=AXIS2_PLACEMENT_3D('',#3136,#2537,#2538);
#2298=AXIS2_PLACEMENT_3D('',#3169,#2555,#2556);
#2299=AXIS2_PLACEMENT_3D('',#3180,#2563,#2564);
#2300=AXIS2_PLACEMENT_3D('',#3191,#2571,#2572);
#2301=AXIS2_PLACEMENT_3D('',#3192,#2573,#2574);
#2302=AXIS2_PLACEMENT_3D('',#3206,#2582,#2583);
#2303=AXIS2_PLACEMENT_3D('',#3212,#2587,#2588);
#2304=AXIS2_PLACEMENT_3D('',#3223,#2595,#2596);
#2305=AXIS2_PLACEMENT_3D('',#3224,#2597,#2598);
#2306=AXIS2_PLACEMENT_3D('',#3226,#2599,#2600);
#2307=AXIS2_PLACEMENT_3D('',#3228,#2601,#2602);
#2308=AXIS2_PLACEMENT_3D('',#3230,#2603,#2604);
#2309=AXIS2_PLACEMENT_3D('',#3232,#2605,#2606);
#2310=AXIS2_PLACEMENT_3D('',#3233,#2607,#2608);
#2311=AXIS2_PLACEMENT_3D('',#3234,#2609,#2610);
#2312=AXIS2_PLACEMENT_3D('',#3236,#2611,#2612);
#2313=AXIS2_PLACEMENT_3D('',#3237,#2613,#2614);
#2314=AXIS2_PLACEMENT_3D('',#3238,#2615,#2616);
#2315=AXIS2_PLACEMENT_3D('',#3240,#2617,#2618);
#2316=AXIS2_PLACEMENT_3D('',#3241,#2619,#2620);
#2317=AXIS2_PLACEMENT_3D('',#3242,#2621,#2622);
#2318=AXIS2_PLACEMENT_3D('',#3244,#2623,#2624);
#2319=AXIS2_PLACEMENT_3D('',#3245,#2625,#2626);
#2320=AXIS2_PLACEMENT_3D('',#3246,#2627,#2628);
#2321=AXIS2_PLACEMENT_3D('',#3248,#2629,#2630);
#2322=AXIS2_PLACEMENT_3D('',#3249,#2631,#2632);
#2323=AXIS2_PLACEMENT_3D('',#3252,#2635,#2636);
#2324=AXIS2_PLACEMENT_3D('',#3254,#2638,#2639);
#2325=AXIS2_PLACEMENT_3D('',#3256,#2641,#2642);
#2326=AXIS2_PLACEMENT_3D('',#3257,#2643,#2644);
#2327=AXIS2_PLACEMENT_3D('',#3260,#2647,#2648);
#2328=AXIS2_PLACEMENT_3D('',#3262,#2650,#2651);
#2329=AXIS2_PLACEMENT_3D('',#3264,#2653,#2654);
#2330=AXIS2_PLACEMENT_3D('',#3265,#2655,#2656);
#2331=AXIS2_PLACEMENT_3D('',#3268,#2659,#2660);
#2332=AXIS2_PLACEMENT_3D('',#3270,#2662,#2663);
#2333=AXIS2_PLACEMENT_3D('',#3272,#2665,#2666);
#2334=AXIS2_PLACEMENT_3D('',#3273,#2667,#2668);
#2335=AXIS2_PLACEMENT_3D('',#3276,#2671,#2672);
#2336=AXIS2_PLACEMENT_3D('',#3278,#2674,#2675);
#2337=AXIS2_PLACEMENT_3D('',#3280,#2677,#2678);
#2338=AXIS2_PLACEMENT_3D('',#3281,#2679,#2680);
#2339=AXIS2_PLACEMENT_3D('',#3284,#2683,#2684);
#2340=AXIS2_PLACEMENT_3D('',#3286,#2686,#2687);
#2341=AXIS2_PLACEMENT_3D('',#3288,#2689,#2690);
#2342=AXIS2_PLACEMENT_3D('',#3289,#2691,#2692);
#2343=AXIS2_PLACEMENT_3D('',#3290,#2693,#2694);
#2344=AXIS2_PLACEMENT_3D('',#3291,#2695,#2696);
#2345=AXIS2_PLACEMENT_3D('',#3292,#2697,#2698);
#2346=AXIS2_PLACEMENT_3D('',#3293,#2699,#2700);
#2347=AXIS2_PLACEMENT_3D('',#3294,#2701,#2702);
#2348=AXIS2_PLACEMENT_3D('',#3295,#2703,#2704);
#2349=AXIS2_PLACEMENT_3D('',#3296,#2705,#2706);
#2350=AXIS2_PLACEMENT_3D('',#3297,#2707,#2708);
#2351=AXIS2_PLACEMENT_3D('',#3298,#2709,#2710);
#2352=AXIS2_PLACEMENT_3D('',#3299,#2711,#2712);
#2353=AXIS2_PLACEMENT_3D('',#3300,#2713,#2714);
#2354=AXIS2_PLACEMENT_3D('',#3309,#2719,#2720);
#2355=AXIS2_PLACEMENT_3D('',#3315,#2724,#2725);
#2356=AXIS2_PLACEMENT_3D('',#3317,#2726,#2727);
#2357=AXIS2_PLACEMENT_3D('',#3318,#2728,#2729);
#2358=AXIS2_PLACEMENT_3D('',#3320,#2730,#2731);
#2359=AXIS2_PLACEMENT_3D('',#3324,#2734,#2735);
#2360=AXIS2_PLACEMENT_3D('',#3328,#2738,#2739);
#2361=AXIS2_PLACEMENT_3D('',#3330,#2741,#2742);
#2362=AXIS2_PLACEMENT_3D('',#3331,#2743,#2744);
#2363=AXIS2_PLACEMENT_3D('',#3332,#2745,#2746);
#2364=AXIS2_PLACEMENT_3D('',#3333,#2747,#2748);
#2365=AXIS2_PLACEMENT_3D('',#3335,#2749,#2750);
#2366=AXIS2_PLACEMENT_3D('',#3337,#2751,#2752);
#2367=AXIS2_PLACEMENT_3D('',#3338,#2753,#2754);
#2368=AXIS2_PLACEMENT_3D('',#3339,#2755,#2756);
#2369=AXIS2_PLACEMENT_3D('',#3340,#2757,#2758);
#2370=AXIS2_PLACEMENT_3D('',#3349,#2763,#2764);
#2371=AXIS2_PLACEMENT_3D('',#3359,#2770,#2771);
#2372=AXIS2_PLACEMENT_3D('',#3365,#2775,#2776);
#2373=AXIS2_PLACEMENT_3D('',#3374,#2781,#2782);
#2374=AXIS2_PLACEMENT_3D('',#3380,#2786,#2787);
#2375=AXIS2_PLACEMENT_3D('',#3386,#2791,#2792);
#2376=AXIS2_PLACEMENT_3D('',#3389,#2795,#2796);
#2377=AXIS2_PLACEMENT_3D('',#3390,#2797,#2798);
#2378=AXIS2_PLACEMENT_3D('',#3392,#2799,#2800);
#2379=AXIS2_PLACEMENT_3D('',#3394,#2801,#2802);
#2380=AXIS2_PLACEMENT_3D('',#3395,#2803,#2804);
#2381=AXIS2_PLACEMENT_3D('',#3397,#2805,#2806);
#2382=AXIS2_PLACEMENT_3D('',#3399,#2807,#2808);
#2383=AXIS2_PLACEMENT_3D('',#3400,#2809,#2810);
#2384=AXIS2_PLACEMENT_3D('',#3402,#2811,#2812);
#2385=AXIS2_PLACEMENT_3D('',#3404,#2813,#2814);
#2386=AXIS2_PLACEMENT_3D('',#3405,#2815,#2816);
#2387=AXIS2_PLACEMENT_3D('',#3407,#2817,#2818);
#2388=AXIS2_PLACEMENT_3D('',#3409,#2819,#2820);
#2389=AXIS2_PLACEMENT_3D('',#3416,#2825,#2826);
#2390=AXIS2_PLACEMENT_3D('',#3443,#2841,#2842);
#2391=AXIS2_PLACEMENT_3D('',#3444,#2843,#2844);
#2392=AXIS2_PLACEMENT_3D('',#3450,#2848,#2849);
#2393=AXIS2_PLACEMENT_3D('',#3453,#2852,#2853);
#2394=AXIS2_PLACEMENT_3D('',#3457,#2856,#2857);
#2395=AXIS2_PLACEMENT_3D('',#3458,#2858,#2859);
#2396=AXIS2_PLACEMENT_3D('',#3464,#2863,#2864);
#2397=AXIS2_PLACEMENT_3D('',#3467,#2867,#2868);
#2398=AXIS2_PLACEMENT_3D('',#3471,#2871,#2872);
#2399=AXIS2_PLACEMENT_3D('',#3472,#2873,#2874);
#2400=AXIS2_PLACEMENT_3D('',#3476,#2877,#2878);
#2401=AXIS2_PLACEMENT_3D('',#3478,#2880,#2881);
#2402=AXIS2_PLACEMENT_3D('',#3479,#2882,#2883);
#2403=AXIS2_PLACEMENT_3D('',#3483,#2886,#2887);
#2404=AXIS2_PLACEMENT_3D('',#3485,#2889,#2890);
#2405=AXIS2_PLACEMENT_3D('',#3486,#2891,#2892);
#2406=AXIS2_PLACEMENT_3D('',#3487,#2893,#2894);
#2407=AXIS2_PLACEMENT_3D('',#3488,#2895,#2896);
#2408=AXIS2_PLACEMENT_3D('',#3490,#2897,#2898);
#2409=AXIS2_PLACEMENT_3D('',#3492,#2899,#2900);
#2410=AXIS2_PLACEMENT_3D('',#3493,#2901,#2902);
#2411=AXIS2_PLACEMENT_3D('',#3494,#2903,#2904);
#2412=AXIS2_PLACEMENT_3D('',#3495,#2905,#2906);
#2413=AXIS2_PLACEMENT_3D('',#3504,#2911,#2912);
#2414=AXIS2_PLACEMENT_3D('',#3510,#2916,#2917);
#2415=AXIS2_PLACEMENT_3D('',#3516,#2921,#2922);
#2416=AXIS2_PLACEMENT_3D('',#3519,#2925,#2926);
#2417=AXIS2_PLACEMENT_3D('',#3520,#2927,#2928);
#2418=AXIS2_PLACEMENT_3D('',#3521,#2929,#2930);
#2419=AXIS2_PLACEMENT_3D('',#3522,#2931,#2932);
#2420=AXIS2_PLACEMENT_3D('',#3531,#2937,#2938);
#2421=AXIS2_PLACEMENT_3D('',#3537,#2942,#2943);
#2422=AXIS2_PLACEMENT_3D('',#3539,#2944,#2945);
#2423=AXIS2_PLACEMENT_3D('',#3540,#2946,#2947);
#2424=AXIS2_PLACEMENT_3D('',#3542,#2948,#2949);
#2425=AXIS2_PLACEMENT_3D('',#3546,#2952,#2953);
#2426=AXIS2_PLACEMENT_3D('',#3550,#2956,#2957);
#2427=AXIS2_PLACEMENT_3D('',#3552,#2959,#2960);
#2428=AXIS2_PLACEMENT_3D('',#3553,#2961,#2962);
#2429=AXIS2_PLACEMENT_3D('',#3554,#2963,#2964);
#2430=AXIS2_PLACEMENT_3D('',#3563,#2969,#2970);
#2431=AXIS2_PLACEMENT_3D('',#3569,#2974,#2975);
#2432=AXIS2_PLACEMENT_3D('',#3575,#2979,#2980);
#2433=AXIS2_PLACEMENT_3D('',#3581,#2984,#2985);
#2434=AXIS2_PLACEMENT_3D('',#3587,#2989,#2990);
#2435=AXIS2_PLACEMENT_3D('',#3590,#2993,#2994);
#2436=AXIS2_PLACEMENT_3D('',#3591,#2995,#2996);
#2437=AXIS2_PLACEMENT_3D('',#3592,#2997,#2998);
#2438=AXIS2_PLACEMENT_3D('',#3593,#2999,#3000);
#2439=AXIS2_PLACEMENT_3D('',#3602,#3005,#3006);
#2440=AXIS2_PLACEMENT_3D('',#3608,#3010,#3011);
#2441=AXIS2_PLACEMENT_3D('',#3610,#3012,#3013);
#2442=AXIS2_PLACEMENT_3D('',#3611,#3014,#3015);
#2443=AXIS2_PLACEMENT_3D('',#3613,#3016,#3017);
#2444=AXIS2_PLACEMENT_3D('',#3617,#3020,#3021);
#2445=AXIS2_PLACEMENT_3D('',#3621,#3024,#3025);
#2446=AXIS2_PLACEMENT_3D('',#3623,#3027,#3028);
#2447=DIRECTION('',(0.,0.,1.));
#2448=DIRECTION('',(1.,0.,0.));
#2449=DIRECTION('',(-1.,0.,0.));
#2450=DIRECTION('',(0.,0.,1.));
#2451=DIRECTION('',(0.,1.,0.));
#2452=DIRECTION('',(0.,0.,-1.));
#2453=DIRECTION('',(0.,1.,0.));
#2454=DIRECTION('',(0.,0.,-1.));
#2455=DIRECTION('',(0.,0.,1.));
#2456=DIRECTION('',(1.,0.,0.));
#2457=DIRECTION('',(0.,0.,1.));
#2458=DIRECTION('',(1.,0.,0.));
#2459=DIRECTION('',(-1.,0.,0.));
#2460=DIRECTION('',(0.,1.,0.));
#2461=DIRECTION('',(-1.,-3.1540426835942E-16,0.));
#2462=DIRECTION('',(3.1540426835942E-16,-1.,0.));
#2463=DIRECTION('',(1.,3.1540426835942E-16,0.));
#2464=DIRECTION('',(-1.,-3.1540426835942E-16,0.));
#2465=DIRECTION('',(0.,0.,-1.));
#2466=DIRECTION('',(0.,-1.,0.));
#2467=DIRECTION('',(0.,0.,-1.));
#2468=DIRECTION('',(-1.,0.,0.));
#2469=DIRECTION('',(0.,0.,-1.));
#2470=DIRECTION('',(-1.,0.,0.));
#2471=DIRECTION('',(0.,0.,1.));
#2472=DIRECTION('',(0.,1.,0.));
#2473=DIRECTION('',(0.,0.,-1.));
#2474=DIRECTION('',(-1.,0.,0.));
#2475=DIRECTION('',(0.,0.,1.));
#2476=DIRECTION('',(1.,0.,0.));
#2477=DIRECTION('',(0.,0.,1.));
#2478=DIRECTION('',(1.,0.,0.));
#2479=DIRECTION('',(0.,0.,1.));
#2480=DIRECTION('',(1.,0.,0.));
#2481=DIRECTION('',(0.,1.,0.));
#2482=DIRECTION('',(0.,0.,1.));
#2483=DIRECTION('',(0.,-1.,0.));
#2484=DIRECTION('',(1.,0.,0.));
#2485=DIRECTION('',(0.,-1.,0.));
#2486=DIRECTION('',(1.,0.,0.));
#2487=DIRECTION('',(0.,-1.,0.));
#2488=DIRECTION('',(1.,0.,0.));
#2489=DIRECTION('',(0.,-1.,0.));
#2490=DIRECTION('',(1.,0.,0.));
#2491=DIRECTION('',(0.,0.,1.));
#2492=DIRECTION('',(1.,0.,0.));
#2493=DIRECTION('',(0.,1.,0.));
#2494=DIRECTION('',(0.,0.,1.));
#2495=DIRECTION('',(0.,-1.,0.));
#2496=DIRECTION('',(1.,0.,0.));
#2497=DIRECTION('',(0.,-1.,0.));
#2498=DIRECTION('',(1.,0.,0.));
#2499=DIRECTION('',(0.,-1.,0.));
#2500=DIRECTION('',(1.,0.,0.));
#2501=DIRECTION('',(0.,-1.,0.));
#2502=DIRECTION('',(1.,0.,0.));
#2503=DIRECTION('',(0.,0.,1.));
#2504=DIRECTION('',(1.,0.,0.));
#2505=DIRECTION('',(-1.,0.,0.));
#2506=DIRECTION('',(0.,0.,1.));
#2507=DIRECTION('',(0.,-1.,0.));
#2508=DIRECTION('',(0.,-2.00160401074247E-16,1.));
#2509=DIRECTION('',(0.,-1.,0.));
#2510=DIRECTION('',(0.,-2.00160401074247E-16,1.));
#2511=DIRECTION('',(0.,-1.,0.));
#2512=DIRECTION('',(0.,-3.33600668457079E-17,1.));
#2513=DIRECTION('',(0.,-1.,0.));
#2514=DIRECTION('',(0.,-2.00160401074247E-16,1.));
#2515=DIRECTION('',(0.,0.,1.));
#2516=DIRECTION('',(0.,-1.,0.));
#2517=DIRECTION('',(0.,0.,1.));
#2518=DIRECTION('',(0.,-1.,0.));
#2519=DIRECTION('',(0.,-1.,0.));
#2520=DIRECTION('',(0.,-1.83480367651393E-16,1.));
#2521=DIRECTION('',(0.,-1.,0.));
#2522=DIRECTION('',(0.,-1.83480367651393E-16,1.));
#2523=DIRECTION('',(0.,0.,-1.));
#2524=DIRECTION('',(0.,1.,0.));
#2525=DIRECTION('',(0.,0.,-1.));
#2526=DIRECTION('',(0.,1.,0.));
#2527=DIRECTION('',(-1.,0.,0.));
#2528=DIRECTION('',(0.,0.,1.));
#2529=DIRECTION('',(0.,0.,1.));
#2530=DIRECTION('',(0.,-1.,0.));
#2531=DIRECTION('',(0.,0.,1.));
#2532=DIRECTION('',(0.,-1.,0.));
#2533=DIRECTION('',(0.,1.,0.));
#2534=DIRECTION('',(0.,0.,-1.));
#2535=DIRECTION('',(0.,1.,0.));
#2536=DIRECTION('',(0.,0.,-1.));
#2537=DIRECTION('',(-1.,0.,0.));
#2538=DIRECTION('',(0.,0.,1.));
#2539=DIRECTION('',(0.,1.,0.));
#2540=DIRECTION('',(0.,0.,-1.));
#2541=DIRECTION('',(0.,1.,0.));
#2542=DIRECTION('',(0.,0.,-1.));
#2543=DIRECTION('',(0.,-3.33600668457079E-17,1.));
#2544=DIRECTION('',(0.,-1.,0.));
#2545=DIRECTION('',(0.,-2.00160401074247E-16,1.));
#2546=DIRECTION('',(0.,-1.,0.));
#2547=DIRECTION('',(0.,-1.83480367651393E-16,1.));
#2548=DIRECTION('',(0.,-1.,0.));
#2549=DIRECTION('',(0.,-1.83480367651393E-16,1.));
#2550=DIRECTION('',(0.,-1.,0.));
#2551=DIRECTION('',(0.,-2.00160401074247E-16,1.));
#2552=DIRECTION('',(0.,-1.,0.));
#2553=DIRECTION('',(0.,-2.00160401074247E-16,1.));
#2554=DIRECTION('',(0.,-1.,0.));
#2555=DIRECTION('',(0.,-1.,0.));
#2556=DIRECTION('',(0.,0.,-1.));
#2557=DIRECTION('',(1.,0.,1.83180937273158E-16));
#2558=DIRECTION('',(0.,0.,1.));
#2559=DIRECTION('',(1.,0.,0.));
#2560=DIRECTION('',(-2.62637922176655E-16,0.,1.));
#2561=DIRECTION('',(1.,0.,0.));
#2562=DIRECTION('',(1.,0.,0.));
#2563=DIRECTION('',(0.,-1.,0.));
#2564=DIRECTION('',(0.,0.,-1.));
#2565=DIRECTION('',(-1.,0.,0.));
#2566=DIRECTION('',(0.,0.,1.));
#2567=DIRECTION('',(-1.,0.,-1.84399739572337E-16));
#2568=DIRECTION('',(0.,0.,1.));
#2569=DIRECTION('',(1.,0.,0.));
#2570=DIRECTION('',(1.,0.,0.));
#2571=DIRECTION('',(0.,0.,1.));
#2572=DIRECTION('',(1.,0.,0.));
#2573=DIRECTION('',(0.,1.,0.));
#2574=DIRECTION('',(0.,0.,1.));
#2575=DIRECTION('',(1.,0.,0.));
#2576=DIRECTION('',(0.,0.,-1.));
#2577=DIRECTION('',(1.,0.,1.84399739572337E-16));
#2578=DIRECTION('',(0.,0.,-1.));
#2579=DIRECTION('',(1.,0.,0.));
#2580=DIRECTION('',(0.,0.,-1.));
#2581=DIRECTION('',(1.,0.,0.));
#2582=DIRECTION('',(-1.,-2.46133382480306E-16,0.));
#2583=DIRECTION('',(2.46133382480306E-16,-1.,0.));
#2584=DIRECTION('',(-2.46133382480306E-16,1.,0.));
#2585=DIRECTION('',(0.,0.,-1.));
#2586=DIRECTION('',(-2.46133382480306E-16,1.,0.));
#2587=DIRECTION('',(-2.14604966100223E-16,1.,0.));
#2588=DIRECTION('',(-1.,-2.14604966100223E-16,0.));
#2589=DIRECTION('',(-1.,-2.14604966100223E-16,0.));
#2590=DIRECTION('',(0.,0.,-1.));
#2591=DIRECTION('',(-1.,-2.14604966100223E-16,-1.83180937273158E-16));
#2592=DIRECTION('',(2.62637922176655E-16,5.63634023853542E-32,-1.));
#2593=DIRECTION('',(1.,2.14604966100223E-16,0.));
#2594=DIRECTION('',(1.,2.14604966100223E-16,0.));
#2595=DIRECTION('',(0.,0.,1.));
#2596=DIRECTION('',(1.,0.,0.));
#2597=DIRECTION('',(0.,0.,1.));
#2598=DIRECTION('',(1.,0.,0.));
#2599=DIRECTION('',(0.,0.,1.));
#2600=DIRECTION('',(1.,0.,0.));
#2601=DIRECTION('',(0.,0.,1.));
#2602=DIRECTION('',(1.,0.,0.));
#2603=DIRECTION('',(0.,0.,1.));
#2604=DIRECTION('',(1.,0.,0.));
#2605=DIRECTION('',(0.,0.,1.));
#2606=DIRECTION('',(1.,0.,0.));
#2607=DIRECTION('',(0.,0.,-1.));
#2608=DIRECTION('',(-1.,0.,0.));
#2609=DIRECTION('',(0.,0.,1.));
#2610=DIRECTION('',(1.,0.,0.));
#2611=DIRECTION('',(0.,0.,1.));
#2612=DIRECTION('',(1.,0.,0.));
#2613=DIRECTION('',(0.,0.,-1.));
#2614=DIRECTION('',(-1.,0.,0.));
#2615=DIRECTION('',(0.,0.,1.));
#2616=DIRECTION('',(1.,0.,0.));
#2617=DIRECTION('',(0.,0.,1.));
#2618=DIRECTION('',(1.,0.,0.));
#2619=DIRECTION('',(0.,0.,-1.));
#2620=DIRECTION('',(-1.,0.,0.));
#2621=DIRECTION('',(0.,0.,1.));
#2622=DIRECTION('',(1.,0.,0.));
#2623=DIRECTION('',(0.,0.,1.));
#2624=DIRECTION('',(1.,0.,0.));
#2625=DIRECTION('',(0.,0.,-1.));
#2626=DIRECTION('',(-1.,0.,0.));
#2627=DIRECTION('',(0.,0.,1.));
#2628=DIRECTION('',(1.,0.,0.));
#2629=DIRECTION('',(0.,0.,1.));
#2630=DIRECTION('',(1.,0.,0.));
#2631=DIRECTION('',(0.,0.,1.));
#2632=DIRECTION('',(1.,0.,0.));
#2633=DIRECTION('',(0.,1.,0.));
#2634=DIRECTION('',(0.,1.,0.));
#2635=DIRECTION('',(1.,0.,0.));
#2636=DIRECTION('',(0.,0.,-1.));
#2637=DIRECTION('',(0.,1.,0.));
#2638=DIRECTION('',(-1.84399739572337E-16,0.,1.));
#2639=DIRECTION('',(1.,0.,1.84399739572337E-16));
#2640=DIRECTION('',(0.,1.,0.));
#2641=DIRECTION('',(1.,0.,0.));
#2642=DIRECTION('',(0.,0.,-1.));
#2643=DIRECTION('',(1.,0.,0.));
#2644=DIRECTION('',(0.,0.,-1.));
#2645=DIRECTION('',(0.,1.,0.));
#2646=DIRECTION('',(0.,1.,0.));
#2647=DIRECTION('',(0.,0.,-1.));
#2648=DIRECTION('',(-1.,0.,0.));
#2649=DIRECTION('',(0.,1.,0.));
#2650=DIRECTION('',(1.,0.,2.62637922176655E-16));
#2651=DIRECTION('',(2.62637922176655E-16,0.,-1.));
#2652=DIRECTION('',(0.,1.,0.));
#2653=DIRECTION('',(1.83180937273158E-16,0.,-1.));
#2654=DIRECTION('',(-1.,0.,-1.83180937273158E-16));
#2655=DIRECTION('',(0.,0.,-1.));
#2656=DIRECTION('',(-1.,0.,0.));
#2657=DIRECTION('',(1.,0.,0.));
#2658=DIRECTION('',(1.,0.,0.));
#2659=DIRECTION('',(0.,-1.,-2.00160401074247E-16));
#2660=DIRECTION('',(0.,2.00160401074247E-16,-1.));
#2661=DIRECTION('',(1.,0.,0.));
#2662=DIRECTION('',(0.,0.,-1.));
#2663=DIRECTION('',(-1.,0.,0.));
#2664=DIRECTION('',(1.,0.,0.));
#2665=DIRECTION('',(0.,-1.,-3.33600668457079E-17));
#2666=DIRECTION('',(0.,3.33600668457079E-17,-1.));
#2667=DIRECTION('',(0.,0.,-1.));
#2668=DIRECTION('',(-1.,0.,0.));
#2669=DIRECTION('',(1.,0.,0.));
#2670=DIRECTION('',(1.,0.,0.));
#2671=DIRECTION('',(0.,-1.,-1.83480367651393E-16));
#2672=DIRECTION('',(0.,1.83480367651393E-16,-1.));
#2673=DIRECTION('',(1.,0.,0.));
#2674=DIRECTION('',(0.,0.,-1.));
#2675=DIRECTION('',(-1.,0.,0.));
#2676=DIRECTION('',(1.,0.,0.));
#2677=DIRECTION('',(0.,-1.,-1.83480367651393E-16));
#2678=DIRECTION('',(0.,1.83480367651393E-16,-1.));
#2679=DIRECTION('',(0.,0.,-1.));
#2680=DIRECTION('',(-1.,0.,0.));
#2681=DIRECTION('',(1.,0.,0.));
#2682=DIRECTION('',(1.,0.,0.));
#2683=DIRECTION('',(0.,-1.,-2.00160401074247E-16));
#2684=DIRECTION('',(0.,2.00160401074247E-16,-1.));
#2685=DIRECTION('',(1.,0.,0.));
#2686=DIRECTION('',(0.,0.,-1.));
#2687=DIRECTION('',(-1.,0.,0.));
#2688=DIRECTION('',(1.,0.,0.));
#2689=DIRECTION('',(0.,-1.,-2.00160401074247E-16));
#2690=DIRECTION('',(0.,2.00160401074247E-16,-1.));
#2691=DIRECTION('',(0.,1.,0.));
#2692=DIRECTION('',(0.,0.,1.));
#2693=DIRECTION('',(0.,-1.,0.));
#2694=DIRECTION('',(0.,0.,1.));
#2695=DIRECTION('',(0.,-1.,0.));
#2696=DIRECTION('',(0.,0.,1.));
#2697=DIRECTION('',(0.,-1.,0.));
#2698=DIRECTION('',(1.,0.,0.));
#2699=DIRECTION('',(0.,-1.,0.));
#2700=DIRECTION('',(1.,0.,0.));
#2701=DIRECTION('',(0.,1.,0.));
#2702=DIRECTION('',(0.,0.,1.));
#2703=DIRECTION('',(0.,-1.,0.));
#2704=DIRECTION('',(0.,0.,-1.));
#2705=DIRECTION('',(0.,-1.,0.));
#2706=DIRECTION('',(0.,0.,-1.));
#2707=DIRECTION('',(0.,-1.,0.));
#2708=DIRECTION('',(1.,0.,0.));
#2709=DIRECTION('',(0.,-1.,0.));
#2710=DIRECTION('',(1.,0.,0.));
#2711=DIRECTION('',(0.,0.,1.));
#2712=DIRECTION('',(1.,0.,0.));
#2713=DIRECTION('',(-2.36553201269565E-16,1.,0.));
#2714=DIRECTION('',(-1.,-2.36553201269565E-16,0.));
#2715=DIRECTION('',(1.,2.36553201269565E-16,0.));
#2716=DIRECTION('',(0.,0.,-1.));
#2717=DIRECTION('',(1.,2.36553201269565E-16,0.));
#2718=DIRECTION('',(0.,0.,-1.));
#2719=DIRECTION('',(0.,0.,1.));
#2720=DIRECTION('',(1.,0.,0.));
#2721=DIRECTION('',(0.,1.,0.));
#2722=DIRECTION('',(1.,3.1540426835942E-16,0.));
#2723=DIRECTION('',(0.,1.,0.));
#2724=DIRECTION('',(0.,0.,1.));
#2725=DIRECTION('',(1.,0.,0.));
#2726=DIRECTION('',(0.,0.,-1.));
#2727=DIRECTION('',(-1.,0.,0.));
#2728=DIRECTION('',(0.,0.,1.));
#2729=DIRECTION('',(1.,0.,0.));
#2730=DIRECTION('',(-1.,0.,0.));
#2731=DIRECTION('',(0.,0.,1.));
#2732=DIRECTION('',(0.,1.,0.));
#2733=DIRECTION('',(0.,0.,-1.));
#2734=DIRECTION('',(-1.,0.,0.));
#2735=DIRECTION('',(0.,0.,1.));
#2736=DIRECTION('',(0.,1.,0.));
#2737=DIRECTION('',(0.,0.,-1.));
#2738=DIRECTION('',(-3.1540426835942E-16,1.,0.));
#2739=DIRECTION('',(-1.,-3.1540426835942E-16,0.));
#2740=DIRECTION('',(1.,3.1540426835942E-16,0.));
#2741=DIRECTION('',(0.,0.,1.));
#2742=DIRECTION('',(1.,0.,0.));
#2743=DIRECTION('',(0.,0.,1.));
#2744=DIRECTION('',(1.,0.,0.));
#2745=DIRECTION('',(0.,1.,0.));
#2746=DIRECTION('',(0.,0.,1.));
#2747=DIRECTION('',(0.,-1.,0.));
#2748=DIRECTION('',(1.,0.,0.));
#2749=DIRECTION('',(0.,-1.,0.));
#2750=DIRECTION('',(1.,0.,0.));
#2751=DIRECTION('',(0.,-1.,0.));
#2752=DIRECTION('',(1.,0.,0.));
#2753=DIRECTION('',(0.,-1.,0.));
#2754=DIRECTION('',(1.,0.,0.));
#2755=DIRECTION('',(0.,0.,1.));
#2756=DIRECTION('',(1.,0.,0.));
#2757=DIRECTION('',(0.,1.,0.));
#2758=DIRECTION('',(0.,0.,1.));
#2759=DIRECTION('',(1.,0.,0.));
#2760=DIRECTION('',(0.,0.,-1.));
#2761=DIRECTION('',(1.,0.,0.));
#2762=DIRECTION('',(0.,0.,-1.));
#2763=DIRECTION('',(1.,0.,0.));
#2764=DIRECTION('',(0.,0.,-1.));
#2765=DIRECTION('',(0.,-1.,0.));
#2766=DIRECTION('',(0.,0.,-1.));
#2767=DIRECTION('',(0.,-1.,0.));
#2768=DIRECTION('',(0.,1.,0.));
#2769=DIRECTION('',(0.,-1.,0.));
#2770=DIRECTION('',(0.,1.,0.));
#2771=DIRECTION('',(0.,0.,1.));
#2772=DIRECTION('',(1.,0.,0.));
#2773=DIRECTION('',(0.,0.,-1.));
#2774=DIRECTION('',(1.,0.,0.));
#2775=DIRECTION('',(1.,0.,0.));
#2776=DIRECTION('',(0.,0.,-1.));
#2777=DIRECTION('',(0.,-1.,0.));
#2778=DIRECTION('',(0.,0.,-1.));
#2779=DIRECTION('',(0.,-1.,0.));
#2780=DIRECTION('',(0.,0.,-1.));
#2781=DIRECTION('',(-1.13380619344889E-16,1.,0.));
#2782=DIRECTION('',(-1.,-1.13380619344889E-16,0.));
#2783=DIRECTION('',(1.,1.13380619344889E-16,0.));
#2784=DIRECTION('',(0.,0.,-1.));
#2785=DIRECTION('',(1.,1.13380619344889E-16,0.));
#2786=DIRECTION('',(1.,0.,0.));
#2787=DIRECTION('',(0.,0.,-1.));
#2788=DIRECTION('',(0.,-1.,0.));
#2789=DIRECTION('',(0.,0.,-1.));
#2790=DIRECTION('',(0.,-1.,0.));
#2791=DIRECTION('',(-2.72113486427734E-16,1.,0.));
#2792=DIRECTION('',(-1.,-2.72113486427734E-16,0.));
#2793=DIRECTION('',(1.,2.72113486427734E-16,0.));
#2794=DIRECTION('',(1.,2.72113486427734E-16,0.));
#2795=DIRECTION('',(0.,0.,-1.));
#2796=DIRECTION('',(-1.,0.,0.));
#2797=DIRECTION('',(0.,0.,1.));
#2798=DIRECTION('',(1.,0.,0.));
#2799=DIRECTION('',(0.,0.,1.));
#2800=DIRECTION('',(1.,0.,0.));
#2801=DIRECTION('',(0.,0.,-1.));
#2802=DIRECTION('',(-1.,0.,0.));
#2803=DIRECTION('',(0.,0.,1.));
#2804=DIRECTION('',(1.,0.,0.));
#2805=DIRECTION('',(0.,0.,1.));
#2806=DIRECTION('',(1.,0.,0.));
#2807=DIRECTION('',(0.,0.,-1.));
#2808=DIRECTION('',(-1.,0.,0.));
#2809=DIRECTION('',(0.,0.,1.));
#2810=DIRECTION('',(1.,0.,0.));
#2811=DIRECTION('',(0.,0.,1.));
#2812=DIRECTION('',(1.,0.,0.));
#2813=DIRECTION('',(0.,0.,-1.));
#2814=DIRECTION('',(-1.,0.,0.));
#2815=DIRECTION('',(0.,0.,1.));
#2816=DIRECTION('',(1.,0.,0.));
#2817=DIRECTION('',(0.,0.,1.));
#2818=DIRECTION('',(1.,0.,0.));
#2819=DIRECTION('',(1.,0.,0.));
#2820=DIRECTION('',(0.,0.,-1.));
#2821=DIRECTION('',(0.,-1.,0.));
#2822=DIRECTION('',(0.,-1.,0.));
#2823=DIRECTION('',(0.,1.,0.));
#2824=DIRECTION('',(0.,-1.,0.));
#2825=DIRECTION('',(0.,0.,1.));
#2826=DIRECTION('',(1.,0.,0.));
#2827=DIRECTION('',(1.,0.,0.));
#2828=DIRECTION('',(0.,-1.,0.));
#2829=DIRECTION('',(1.,0.,0.));
#2830=DIRECTION('',(0.,-1.,0.));
#2831=DIRECTION('',(1.,0.,0.));
#2832=DIRECTION('',(0.,1.,0.));
#2833=DIRECTION('',(1.,0.,0.));
#2834=DIRECTION('',(1.,0.,0.));
#2835=DIRECTION('',(0.,1.,0.));
#2836=DIRECTION('',(1.,0.,0.));
#2837=DIRECTION('',(0.,-1.,0.));
#2838=DIRECTION('',(1.,0.,0.));
#2839=DIRECTION('',(0.,-1.,0.));
#2840=DIRECTION('',(1.,0.,0.));
#2841=DIRECTION('',(0.,0.,1.));
#2842=DIRECTION('',(1.,0.,0.));
#2843=DIRECTION('',(-0.866025403784439,0.,-0.5));
#2844=DIRECTION('',(-0.5,0.,0.866025403784439));
#2845=DIRECTION('',(-0.5,0.,0.866025403784439));
#2846=DIRECTION('',(0.,1.,0.));
#2847=DIRECTION('',(-0.5,0.,0.866025403784439));
#2848=DIRECTION('',(0.866025403784439,0.,-0.5));
#2849=DIRECTION('',(-0.5,0.,-0.866025403784439));
#2850=DIRECTION('',(-0.5,0.,-0.866025403784438));
#2851=DIRECTION('',(-0.5,0.,-0.866025403784438));
#2852=DIRECTION('',(0.,-1.,0.));
#2853=DIRECTION('',(1.,0.,0.));
#2854=DIRECTION('',(-0.5,0.,0.866025403784439));
#2855=DIRECTION('',(-0.5,0.,-0.866025403784439));
#2856=DIRECTION('',(0.,-1.,0.));
#2857=DIRECTION('',(1.,0.,0.));
#2858=DIRECTION('',(-0.866025403784439,0.,-0.5));
#2859=DIRECTION('',(-0.5,0.,0.866025403784439));
#2860=DIRECTION('',(-0.5,0.,0.866025403784438));
#2861=DIRECTION('',(0.,1.,0.));
#2862=DIRECTION('',(-0.5,0.,0.866025403784438));
#2863=DIRECTION('',(0.866025403784439,0.,-0.5));
#2864=DIRECTION('',(-0.5,0.,-0.866025403784439));
#2865=DIRECTION('',(-0.5,0.,-0.866025403784439));
#2866=DIRECTION('',(-0.5,0.,-0.866025403784439));
#2867=DIRECTION('',(0.,-1.,0.));
#2868=DIRECTION('',(1.,0.,0.));
#2869=DIRECTION('',(-0.5,0.,0.866025403784438));
#2870=DIRECTION('',(-0.5,0.,-0.866025403784439));
#2871=DIRECTION('',(0.,-1.,0.));
#2872=DIRECTION('',(1.,0.,0.));
#2873=DIRECTION('',(0.866025403784438,0.,0.5));
#2874=DIRECTION('',(0.5,0.,-0.866025403784438));
#2875=DIRECTION('',(0.,-1.,0.));
#2876=DIRECTION('',(-0.5,0.,0.866025403784438));
#2877=DIRECTION('',(-0.866025403784439,0.,0.5));
#2878=DIRECTION('',(0.5,0.,0.866025403784439));
#2879=DIRECTION('',(-0.5,0.,-0.866025403784439));
#2880=DIRECTION('',(0.,-1.,0.));
#2881=DIRECTION('',(1.,0.,0.));
#2882=DIRECTION('',(0.866025403784439,0.,0.5));
#2883=DIRECTION('',(0.5,0.,-0.866025403784439));
#2884=DIRECTION('',(0.,-1.,0.));
#2885=DIRECTION('',(-0.5,0.,0.866025403784439));
#2886=DIRECTION('',(-0.866025403784439,0.,0.5));
#2887=DIRECTION('',(0.5,0.,0.866025403784439));
#2888=DIRECTION('',(-0.5,0.,-0.866025403784439));
#2889=DIRECTION('',(0.,-1.,0.));
#2890=DIRECTION('',(1.,0.,0.));
#2891=DIRECTION('',(0.,0.,1.));
#2892=DIRECTION('',(1.,0.,0.));
#2893=DIRECTION('',(0.,1.,0.));
#2894=DIRECTION('',(0.,0.,1.));
#2895=DIRECTION('',(0.,-1.,0.));
#2896=DIRECTION('',(1.,0.,0.));
#2897=DIRECTION('',(0.,-1.,0.));
#2898=DIRECTION('',(1.,0.,0.));
#2899=DIRECTION('',(0.,-1.,0.));
#2900=DIRECTION('',(1.,0.,0.));
#2901=DIRECTION('',(0.,-1.,0.));
#2902=DIRECTION('',(1.,0.,0.));
#2903=DIRECTION('',(0.,0.,1.));
#2904=DIRECTION('',(1.,0.,0.));
#2905=DIRECTION('',(0.,1.,0.));
#2906=DIRECTION('',(0.,0.,1.));
#2907=DIRECTION('',(1.,0.,0.));
#2908=DIRECTION('',(0.,0.,-1.));
#2909=DIRECTION('',(1.,0.,0.));
#2910=DIRECTION('',(0.,0.,-1.));
#2911=DIRECTION('',(1.,0.,0.));
#2912=DIRECTION('',(0.,0.,-1.));
#2913=DIRECTION('',(0.,-1.,0.));
#2914=DIRECTION('',(0.,0.,-1.));
#2915=DIRECTION('',(0.,-1.,0.));
#2916=DIRECTION('',(0.,1.,0.));
#2917=DIRECTION('',(0.,0.,1.));
#2918=DIRECTION('',(1.,0.,0.));
#2919=DIRECTION('',(0.,0.,-1.));
#2920=DIRECTION('',(1.,0.,0.));
#2921=DIRECTION('',(1.,0.,0.));
#2922=DIRECTION('',(0.,0.,-1.));
#2923=DIRECTION('',(0.,-1.,0.));
#2924=DIRECTION('',(0.,-1.,0.));
#2925=DIRECTION('',(0.,0.,1.));
#2926=DIRECTION('',(1.,0.,0.));
#2927=DIRECTION('',(0.,0.,1.));
#2928=DIRECTION('',(1.,0.,0.));
#2929=DIRECTION('',(0.,0.,1.));
#2930=DIRECTION('',(1.,0.,0.));
#2931=DIRECTION('',(0.,1.,0.));
#2932=DIRECTION('',(0.,0.,1.));
#2933=DIRECTION('',(1.,0.,0.));
#2934=DIRECTION('',(0.,0.,-1.));
#2935=DIRECTION('',(1.,0.,0.));
#2936=DIRECTION('',(0.,0.,-1.));
#2937=DIRECTION('',(0.,0.,1.));
#2938=DIRECTION('',(1.,0.,0.));
#2939=DIRECTION('',(0.,1.,0.));
#2940=DIRECTION('',(1.,0.,0.));
#2941=DIRECTION('',(-3.1540426835942E-16,1.,0.));
#2942=DIRECTION('',(0.,0.,1.));
#2943=DIRECTION('',(1.,0.,0.));
#2944=DIRECTION('',(0.,0.,-1.));
#2945=DIRECTION('',(-1.,0.,0.));
#2946=DIRECTION('',(0.,0.,1.));
#2947=DIRECTION('',(1.,0.,0.));
#2948=DIRECTION('',(-1.,-3.1540426835942E-16,0.));
#2949=DIRECTION('',(3.1540426835942E-16,-1.,0.));
#2950=DIRECTION('',(-3.1540426835942E-16,1.,0.));
#2951=DIRECTION('',(0.,0.,-1.));
#2952=DIRECTION('',(-1.,0.,0.));
#2953=DIRECTION('',(0.,0.,1.));
#2954=DIRECTION('',(0.,1.,0.));
#2955=DIRECTION('',(0.,0.,-1.));
#2956=DIRECTION('',(0.,1.,0.));
#2957=DIRECTION('',(0.,0.,1.));
#2958=DIRECTION('',(1.,0.,0.));
#2959=DIRECTION('',(0.,0.,1.));
#2960=DIRECTION('',(1.,0.,0.));
#2961=DIRECTION('',(0.,0.,1.));
#2962=DIRECTION('',(1.,0.,0.));
#2963=DIRECTION('',(1.97183685817199E-16,-1.,0.));
#2964=DIRECTION('',(1.,1.97183685817199E-16,0.));
#2965=DIRECTION('',(-1.,-1.97183685817199E-16,0.));
#2966=DIRECTION('',(0.,0.,-1.));
#2967=DIRECTION('',(-1.,-1.97183685817199E-16,0.));
#2968=DIRECTION('',(0.,0.,-1.));
#2969=DIRECTION('',(-1.,0.,0.));
#2970=DIRECTION('',(0.,0.,1.));
#2971=DIRECTION('',(0.,1.,0.));
#2972=DIRECTION('',(0.,0.,-1.));
#2973=DIRECTION('',(0.,1.,0.));
#2974=DIRECTION('',(0.,-1.,0.));
#2975=DIRECTION('',(0.,0.,-1.));
#2976=DIRECTION('',(-1.,0.,0.));
#2977=DIRECTION('',(0.,0.,-1.));
#2978=DIRECTION('',(-1.,0.,0.));
#2979=DIRECTION('',(-1.,0.,0.));
#2980=DIRECTION('',(0.,0.,1.));
#2981=DIRECTION('',(0.,1.,0.));
#2982=DIRECTION('',(0.,0.,-1.));
#2983=DIRECTION('',(0.,1.,0.));
#2984=DIRECTION('',(0.,1.,0.));
#2985=DIRECTION('',(0.,0.,1.));
#2986=DIRECTION('',(1.,0.,0.));
#2987=DIRECTION('',(0.,0.,-1.));
#2988=DIRECTION('',(1.,0.,0.));
#2989=DIRECTION('',(-1.,0.,0.));
#2990=DIRECTION('',(0.,0.,1.));
#2991=DIRECTION('',(0.,1.,0.));
#2992=DIRECTION('',(0.,1.,0.));
#2993=DIRECTION('',(0.,0.,1.));
#2994=DIRECTION('',(1.,0.,0.));
#2995=DIRECTION('',(0.,0.,1.));
#2996=DIRECTION('',(1.,0.,0.));
#2997=DIRECTION('',(0.,0.,1.));
#2998=DIRECTION('',(1.,0.,0.));
#2999=DIRECTION('',(-2.36553201269565E-16,1.,0.));
#3000=DIRECTION('',(-1.,-2.36553201269565E-16,0.));
#3001=DIRECTION('',(1.,2.36553201269565E-16,0.));
#3002=DIRECTION('',(0.,0.,-1.));
#3003=DIRECTION('',(1.,2.36553201269565E-16,0.));
#3004=DIRECTION('',(0.,0.,-1.));
#3005=DIRECTION('',(0.,0.,1.));
#3006=DIRECTION('',(1.,0.,0.));
#3007=DIRECTION('',(0.,1.,0.));
#3008=DIRECTION('',(1.,3.1540426835942E-16,0.));
#3009=DIRECTION('',(0.,1.,0.));
#3010=DIRECTION('',(0.,0.,1.));
#3011=DIRECTION('',(1.,0.,0.));
#3012=DIRECTION('',(0.,0.,-1.));
#3013=DIRECTION('',(-1.,0.,0.));
#3014=DIRECTION('',(0.,0.,1.));
#3015=DIRECTION('',(1.,0.,0.));
#3016=DIRECTION('',(-1.,0.,0.));
#3017=DIRECTION('',(0.,0.,1.));
#3018=DIRECTION('',(0.,1.,0.));
#3019=DIRECTION('',(0.,0.,-1.));
#3020=DIRECTION('',(-1.,0.,0.));
#3021=DIRECTION('',(0.,0.,1.));
#3022=DIRECTION('',(0.,1.,0.));
#3023=DIRECTION('',(0.,0.,-1.));
#3024=DIRECTION('',(-3.1540426835942E-16,1.,0.));
#3025=DIRECTION('',(-1.,-3.1540426835942E-16,0.));
#3026=DIRECTION('',(1.,3.1540426835942E-16,0.));
#3027=DIRECTION('',(0.,0.,1.));
#3028=DIRECTION('',(1.,0.,0.));
#3029=CARTESIAN_POINT('',(0.,0.,0.));
#3030=CARTESIAN_POINT('',(0.0655352789573371,-0.0270921087704763,0.0216373034878114));
#3031=CARTESIAN_POINT('',(0.0655352789573371,-0.0270921087704763,0.0216353034878114));
#3032=CARTESIAN_POINT('',(0.0655352789573371,-0.0325921087704763,0.0216353034878114));
#3033=CARTESIAN_POINT('',(0.0655352789573371,-0.0215921087704764,0.0216353034878114));
#3034=CARTESIAN_POINT('',(0.0655352789573371,-0.0325921087704763,0.0216373034878114));
#3035=CARTESIAN_POINT('',(0.0655352789573371,-0.0325921087704763,0.));
#3036=CARTESIAN_POINT('',(0.0655352789573371,-0.0270921087704763,0.));
#3037=CARTESIAN_POINT('',(0.0655352789573371,-0.0215921087704764,0.));
#3038=CARTESIAN_POINT('',(0.0655352789573371,-0.0215921087704764,0.0216373034878114));
#3039=CARTESIAN_POINT('',(0.0600352789573371,-0.00735817942768335,0.));
#3040=CARTESIAN_POINT('',(0.0600352789573372,-0.0270921087704763,0.));
#3041=CARTESIAN_POINT('',(0.0623352789573372,-0.0270921087704763,0.));
#3042=CARTESIAN_POINT('',(0.0600352789573371,-0.0325921087704763,0.));
#3043=CARTESIAN_POINT('',(0.0545352789573371,-0.0325921087704763,0.));
#3044=CARTESIAN_POINT('',(0.0545352789573371,-0.0270921087704763,0.));
#3045=CARTESIAN_POINT('',(0.0545352789573371,-0.0215921087704764,0.));
#3046=CARTESIAN_POINT('',(0.0600352789573371,-0.0215921087704764,0.));
#3047=CARTESIAN_POINT('',(0.0600352789573371,-0.0215921087704764,0.0216373034878114));
#3048=CARTESIAN_POINT('',(0.0600352789573371,-0.0215921087704764,0.0216353034878114));
#3049=CARTESIAN_POINT('',(0.0545352789573371,-0.0215921087704764,0.0216353034878114));
#3050=CARTESIAN_POINT('',(0.0545352789573371,-0.0215921087704764,0.0216373034878114));
#3051=CARTESIAN_POINT('',(0.0600352789573371,-0.0325921087704763,0.0216373034878114));
#3052=CARTESIAN_POINT('',(0.0600352789573371,-0.0325921087704763,0.0216353034878114));
#3053=CARTESIAN_POINT('',(0.0545352789573371,-0.0325921087704763,0.0216353034878114));
#3054=CARTESIAN_POINT('',(0.0545352789573371,-0.0325921087704763,0.0216373034878114));
#3055=CARTESIAN_POINT('',(0.0545352789573371,-0.0270921087704763,0.0216373034878114));
#3056=CARTESIAN_POINT('',(0.0545352789573371,-0.0270921087704763,0.0216353034878114));
#3057=CARTESIAN_POINT('',(0.0600352789573372,-0.0270921087704763,0.0216373034878114));
#3058=CARTESIAN_POINT('',(0.0600352789573372,-0.0270921087704763,0.0216353034878114));
#3059=CARTESIAN_POINT('',(0.0623352789573372,-0.0270921087704763,0.0216353034878114));
#3060=CARTESIAN_POINT('',(-0.0759647210426629,0.112907891229524,0.0216353034878114));
#3061=CARTESIAN_POINT('',(0.,0.,0.));
#3062=CARTESIAN_POINT('',(0.0625352789573371,-0.044,0.012));
#3063=CARTESIAN_POINT('',(0.0625352789573371,-0.044,0.012));
#3064=CARTESIAN_POINT('',(0.0645352789573371,-0.044,0.012));
#3065=CARTESIAN_POINT('',(0.0625352789573371,-0.025,0.012));
#3066=CARTESIAN_POINT('',(0.0645352789573371,-0.025,0.012));
#3067=CARTESIAN_POINT('',(0.0170352789573372,-0.044,0.012));
#3068=CARTESIAN_POINT('',(0.0170352789573372,-0.025,0.012));
#3069=CARTESIAN_POINT('',(0.,0.,0.));
#3070=CARTESIAN_POINT('',(0.0625352789573371,-0.043,0.012));
#3071=CARTESIAN_POINT('',(0.0625352789573371,-0.043,0.012));
#3072=CARTESIAN_POINT('',(0.0685352789573371,-0.043,0.012));
#3073=CARTESIAN_POINT('',(0.0625352789573371,-0.025,0.012));
#3074=CARTESIAN_POINT('',(0.0685352789573371,-0.025,0.012));
#3075=CARTESIAN_POINT('',(0.0170352789573372,-0.043,0.012));
#3076=CARTESIAN_POINT('',(0.0170352789573372,-0.025,0.012));
#3077=CARTESIAN_POINT('',(0.,0.,0.));
#3078=CARTESIAN_POINT('',(0.0735352789573371,-0.0078158502408035,-0.003));
#3079=CARTESIAN_POINT('',(0.0735352789573371,-0.0078158502408035,0.028));
#3080=CARTESIAN_POINT('',(0.0735352789573371,-0.0118157500848904,0.028));
#3081=CARTESIAN_POINT('',(0.0735352789573371,-0.0148157500848904,0.028));
#3082=CARTESIAN_POINT('',(0.0735352789573371,-0.0118157500848904,-0.003));
#3083=CARTESIAN_POINT('',(0.0735352789573371,-0.0118157500848904,0.002));
#3084=CARTESIAN_POINT('',(0.0735352789573371,-0.0078158502408035,0.002));
#3085=CARTESIAN_POINT('',(0.0735352789573371,-0.0148157500848904,0.002));
#3086=CARTESIAN_POINT('',(0.0735352789573371,-0.0148157500848904,-0.003));
#3087=CARTESIAN_POINT('',(0.0735352789573371,-0.0078158502408035,0.028));
#3088=CARTESIAN_POINT('',(0.0735352789573371,-0.00581575008489037,0.028));
#3089=CARTESIAN_POINT('',(0.0735352789573371,-0.00881575008489037,0.028));
#3090=CARTESIAN_POINT('',(0.0735352789573371,-0.00581575008489037,-0.003));
#3091=CARTESIAN_POINT('',(0.0735352789573371,-0.00581575008489037,0.002));
#3092=CARTESIAN_POINT('',(0.0735352789573371,-0.0078158502408035,0.002));
#3093=CARTESIAN_POINT('',(0.0735352789573371,-0.00881575008489037,0.002));
#3094=CARTESIAN_POINT('',(0.0735352789573371,-0.00881575008489036,-0.003));
#3095=CARTESIAN_POINT('',(0.0735352789573371,0.0258757499151097,-0.003));
#3096=CARTESIAN_POINT('',(0.0735352789573371,0.0258757499151097,-0.003));
#3097=CARTESIAN_POINT('',(0.0735352789573371,0.0258757499151097,0.033));
#3098=CARTESIAN_POINT('',(0.0735352789573371,-0.0078158502408035,0.033));
#3099=CARTESIAN_POINT('',(0.0735352789573371,-0.0415074503967166,0.033));
#3100=CARTESIAN_POINT('',(0.0735352789573371,-0.0415074503967166,-0.003));
#3101=CARTESIAN_POINT('',(0.0735352789573371,-0.0415074503967166,-0.003));
#3102=CARTESIAN_POINT('',(0.0735352789573371,-0.0078158502408035,-0.003));
#3103=CARTESIAN_POINT('',(0.0735352789573371,-0.0078158502408035,0.028));
#3104=CARTESIAN_POINT('',(0.0735352789573371,0.00018424991510963,0.028));
#3105=CARTESIAN_POINT('',(0.0735352789573371,-0.00281575008489037,0.028));
#3106=CARTESIAN_POINT('',(0.0735352789573371,0.000184249915109635,-0.003));
#3107=CARTESIAN_POINT('',(0.0735352789573371,0.000184249915109634,0.002));
#3108=CARTESIAN_POINT('',(0.0735352789573371,-0.0078158502408035,0.002));
#3109=CARTESIAN_POINT('',(0.0735352789573371,-0.00281575008489036,0.002));
#3110=CARTESIAN_POINT('',(0.0735352789573371,-0.00281575008489036,-0.003));
#3111=CARTESIAN_POINT('',(0.0735352789573372,0.008,0.0215));
#3112=CARTESIAN_POINT('',(0.0735352789573371,0.008,0.028));
#3113=CARTESIAN_POINT('',(0.0735352789573371,0.008,0.015));
#3114=CARTESIAN_POINT('',(0.0735352789573372,0.008,0.028));
#3115=CARTESIAN_POINT('',(0.0735352789573372,0.012,0.028));
#3116=CARTESIAN_POINT('',(0.0735352789573372,0.012,0.0215));
#3117=CARTESIAN_POINT('',(0.0735352789573371,0.012,0.015));
#3118=CARTESIAN_POINT('',(0.0735352789573372,0.008,0.015));
#3119=CARTESIAN_POINT('',(-0.0394647210426629,-0.0078158502408035,-0.003));
#3120=CARTESIAN_POINT('',(-0.0394647210426629,-0.0415074503967166,-0.003));
#3121=CARTESIAN_POINT('',(-0.0394647210426629,-0.0415074503967166,-0.003));
#3122=CARTESIAN_POINT('',(-0.0394647210426629,-0.0415074503967166,0.033));
#3123=CARTESIAN_POINT('',(-0.0394647210426629,-0.0078158502408035,0.033));
#3124=CARTESIAN_POINT('',(-0.0394647210426629,0.0258757499151097,0.033));
#3125=CARTESIAN_POINT('',(-0.0394647210426629,0.0258757499151097,-0.003));
#3126=CARTESIAN_POINT('',(-0.0394647210426629,0.0258757499151097,-0.003));
#3127=CARTESIAN_POINT('',(-0.0394647210426629,-0.0078158502408035,-0.003));
#3128=CARTESIAN_POINT('',(-0.0394647210426629,0.008,0.028));
#3129=CARTESIAN_POINT('',(-0.0394647210426629,0.008,0.028));
#3130=CARTESIAN_POINT('',(-0.0394647210426629,0.012,0.028));
#3131=CARTESIAN_POINT('',(-0.0394647210426629,0.008,0.0215));
#3132=CARTESIAN_POINT('',(-0.0394647210426629,0.008,0.015));
#3133=CARTESIAN_POINT('',(-0.0394647210426629,0.008,0.015));
#3134=CARTESIAN_POINT('',(-0.0394647210426629,0.012,0.015));
#3135=CARTESIAN_POINT('',(-0.0394647210426629,0.012,0.0215));
#3136=CARTESIAN_POINT('',(0.0655352789573371,-0.0103158502408035,0.033));
#3137=CARTESIAN_POINT('',(0.0655352789573371,-0.0103158502408035,0.));
#3138=CARTESIAN_POINT('',(0.0655352789573371,-0.0385074503967167,0.));
#3139=CARTESIAN_POINT('',(0.0655352789573371,0.0178757499151096,0.));
#3140=CARTESIAN_POINT('',(0.0655352789573371,-0.0385074503967167,0.033));
#3141=CARTESIAN_POINT('',(0.0655352789573371,-0.0385074503967167,0.033));
#3142=CARTESIAN_POINT('',(0.0655352789573371,-0.0103158502408035,0.033));
#3143=CARTESIAN_POINT('',(0.0655352789573371,0.0178757499151096,0.033));
#3144=CARTESIAN_POINT('',(0.0655352789573371,0.0178757499151096,0.033));
#3145=CARTESIAN_POINT('',(0.0655352789573371,-0.00581575008489037,0.033));
#3146=CARTESIAN_POINT('',(0.0655352789573371,-0.00581575008489037,0.002));
#3147=CARTESIAN_POINT('',(0.0655352789573371,-0.00581575008489037,0.028));
#3148=CARTESIAN_POINT('',(0.0655352789573371,-0.0103158502408035,0.028));
#3149=CARTESIAN_POINT('',(0.0655352789573371,-0.00881575008489037,0.028));
#3150=CARTESIAN_POINT('',(0.0655352789573371,-0.00881575008489037,0.033));
#3151=CARTESIAN_POINT('',(0.0655352789573371,-0.00881575008489037,0.002));
#3152=CARTESIAN_POINT('',(0.0655352789573371,-0.0103158502408035,0.002));
#3153=CARTESIAN_POINT('',(0.0655352789573371,0.000184249915109628,0.033));
#3154=CARTESIAN_POINT('',(0.0655352789573371,0.000184249915109634,0.002));
#3155=CARTESIAN_POINT('',(0.0655352789573371,0.000184249915109629,0.028));
#3156=CARTESIAN_POINT('',(0.0655352789573371,-0.0103158502408035,0.028));
#3157=CARTESIAN_POINT('',(0.0655352789573371,-0.00281575008489037,0.028));
#3158=CARTESIAN_POINT('',(0.0655352789573371,-0.00281575008489037,0.033));
#3159=CARTESIAN_POINT('',(0.0655352789573371,-0.00281575008489036,0.002));
#3160=CARTESIAN_POINT('',(0.0655352789573371,-0.0103158502408035,0.002));
#3161=CARTESIAN_POINT('',(0.0655352789573371,-0.0118157500848904,0.033));
#3162=CARTESIAN_POINT('',(0.0655352789573371,-0.0118157500848904,0.002));
#3163=CARTESIAN_POINT('',(0.0655352789573371,-0.0118157500848904,0.028));
#3164=CARTESIAN_POINT('',(0.0655352789573371,-0.0103158502408035,0.028));
#3165=CARTESIAN_POINT('',(0.0655352789573371,-0.0148157500848904,0.028));
#3166=CARTESIAN_POINT('',(0.0655352789573371,-0.0148157500848904,0.033));
#3167=CARTESIAN_POINT('',(0.0655352789573371,-0.0148157500848904,0.002));
#3168=CARTESIAN_POINT('',(0.0655352789573371,-0.0103158502408035,0.002));
#3169=CARTESIAN_POINT('',(0.0170352789573372,0.0258757499151097,-0.003));
#3170=CARTESIAN_POINT('',(0.0170352789573372,0.0258757499151097,0.0123403034729104));
#3171=CARTESIAN_POINT('',(0.0125806789127491,0.0258757499151097,0.0123403034729104));
#3172=CARTESIAN_POINT('',(0.0315206789127492,0.0258757499151097,0.0123403034729104));
#3173=CARTESIAN_POINT('',(0.0315206789127492,0.0258757499151097,-0.003));
#3174=CARTESIAN_POINT('',(0.0315206789127492,0.0258757499151097,0.0255503034729104));
#3175=CARTESIAN_POINT('',(0.0170352789573372,0.0258757499151097,0.0255503034729104));
#3176=CARTESIAN_POINT('',(0.0125806789127491,0.0258757499151097,0.0255503034729104));
#3177=CARTESIAN_POINT('',(0.0125806789127491,0.0258757499151097,-0.003));
#3178=CARTESIAN_POINT('',(0.0170352789573372,0.0258757499151097,0.033));
#3179=CARTESIAN_POINT('',(0.0170352789573372,0.0258757499151097,-0.003));
#3180=CARTESIAN_POINT('',(0.0170352789573372,-0.0415074503967166,-0.003));
#3181=CARTESIAN_POINT('',(0.0170352789573372,-0.0415074503967166,0.0200067867521089));
#3182=CARTESIAN_POINT('',(0.0488996388339997,-0.0415074503967166,0.0200067867521089));
#3183=CARTESIAN_POINT('',(-0.0146003611660004,-0.0415074503967166,0.0200067867521089));
#3184=CARTESIAN_POINT('',(0.0488996388339997,-0.0415074503967166,-0.003));
#3185=CARTESIAN_POINT('',(0.0488996388339997,-0.0415074503967166,0.00110678675210883));
#3186=CARTESIAN_POINT('',(0.0170352789573372,-0.0415074503967166,0.00110678675210883));
#3187=CARTESIAN_POINT('',(-0.0146003611660004,-0.0415074503967166,0.00110678675210882));
#3188=CARTESIAN_POINT('',(-0.0146003611660004,-0.0415074503967166,-0.003));
#3189=CARTESIAN_POINT('',(0.0170352789573372,-0.0415074503967166,0.033));
#3190=CARTESIAN_POINT('',(0.0170352789573372,-0.0415074503967166,-0.003));
#3191=CARTESIAN_POINT('',(0.0170352789573372,-0.0078158502408035,-0.003));
#3192=CARTESIAN_POINT('',(0.0170352789573372,-0.0385074503967167,0.033));
#3193=CARTESIAN_POINT('',(0.0170352789573372,-0.0385074503967167,0.0200067867521089));
#3194=CARTESIAN_POINT('',(-0.0146003611660004,-0.0385074503967167,0.0200067867521089));
#3195=CARTESIAN_POINT('',(0.0488996388339997,-0.0385074503967167,0.0200067867521089));
#3196=CARTESIAN_POINT('',(-0.0146003611660004,-0.0385074503967167,0.033));
#3197=CARTESIAN_POINT('',(-0.0146003611660004,-0.0385074503967167,0.00110678675210882));
#3198=CARTESIAN_POINT('',(0.0170352789573372,-0.0385074503967167,0.00110678675210882));
#3199=CARTESIAN_POINT('',(0.0488996388339997,-0.0385074503967167,0.00110678675210883));
#3200=CARTESIAN_POINT('',(0.0488996388339997,-0.0385074503967167,0.033));
#3201=CARTESIAN_POINT('',(0.0170352789573372,-0.0385074503967167,0.));
#3202=CARTESIAN_POINT('',(-0.0314647210426629,-0.0385074503967167,0.));
#3203=CARTESIAN_POINT('',(-0.0314647210426629,-0.0385074503967167,0.033));
#3204=CARTESIAN_POINT('',(-0.0314647210426629,-0.0385074503967167,0.033));
#3205=CARTESIAN_POINT('',(0.0170352789573372,-0.0385074503967167,0.033));
#3206=CARTESIAN_POINT('',(-0.0314647210426629,-0.0103158502408035,0.033));
#3207=CARTESIAN_POINT('',(-0.0314647210426629,-0.0103158502408035,0.));
#3208=CARTESIAN_POINT('',(-0.0314647210426629,0.0178757499151096,0.));
#3209=CARTESIAN_POINT('',(-0.0314647210426629,0.0178757499151096,0.033));
#3210=CARTESIAN_POINT('',(-0.0314647210426629,0.0178757499151096,0.033));
#3211=CARTESIAN_POINT('',(-0.0314647210426629,-0.0103158502408035,0.033));
#3212=CARTESIAN_POINT('',(0.0170352789573372,0.0178757499151096,0.033));
#3213=CARTESIAN_POINT('',(0.0170352789573372,0.0178757499151096,0.0255503034729104));
#3214=CARTESIAN_POINT('',(0.0315206789127492,0.0178757499151096,0.0255503034729104));
#3215=CARTESIAN_POINT('',(0.0125806789127491,0.0178757499151096,0.0255503034729104));
#3216=CARTESIAN_POINT('',(0.0315206789127492,0.0178757499151096,0.033));
#3217=CARTESIAN_POINT('',(0.0315206789127492,0.0178757499151096,0.0123403034729104));
#3218=CARTESIAN_POINT('',(0.0170352789573372,0.0178757499151096,0.0123403034729104));
#3219=CARTESIAN_POINT('',(0.0125806789127491,0.0178757499151096,0.0123403034729104));
#3220=CARTESIAN_POINT('',(0.0125806789127491,0.0178757499151096,0.033));
#3221=CARTESIAN_POINT('',(0.0170352789573372,0.0178757499151096,0.));
#3222=CARTESIAN_POINT('',(0.0170352789573372,0.0178757499151096,0.033));
#3223=CARTESIAN_POINT('',(0.0170352789573372,-0.0078158502408035,0.033));
#3224=CARTESIAN_POINT('',(0.0692352789573371,0.0215757499151096,0.033));
#3225=CARTESIAN_POINT('',(0.0715352789573371,0.0215757499151096,0.033));
#3226=CARTESIAN_POINT('',(-0.0351647210426629,-0.0372074503967166,0.033));
#3227=CARTESIAN_POINT('',(-0.0328647210426629,-0.0372074503967166,0.033));
#3228=CARTESIAN_POINT('',(0.0692352789573371,-0.0372074503967166,0.033));
#3229=CARTESIAN_POINT('',(0.0715352789573371,-0.0372074503967166,0.033));
#3230=CARTESIAN_POINT('',(-0.0351647210426629,0.0215757499151096,0.033));
#3231=CARTESIAN_POINT('',(-0.0328647210426629,0.0215757499151096,0.033));
#3232=CARTESIAN_POINT('',(0.0170352789573372,-0.0078158502408035,0.));
#3233=CARTESIAN_POINT('',(-0.0351647210426629,0.0215757499151096,0.043));
#3234=CARTESIAN_POINT('',(-0.0351647210426629,0.0215757499151096,0.01));
#3235=CARTESIAN_POINT('',(-0.0328647210426629,0.0215757499151096,0.01));
#3236=CARTESIAN_POINT('',(-0.0351647210426629,0.0215757499151096,0.01));
#3237=CARTESIAN_POINT('',(0.0692352789573371,-0.0372074503967166,0.043));
#3238=CARTESIAN_POINT('',(0.0692352789573371,-0.0372074503967166,0.01));
#3239=CARTESIAN_POINT('',(0.0715352789573371,-0.0372074503967166,0.01));
#3240=CARTESIAN_POINT('',(0.0692352789573371,-0.0372074503967166,0.01));
#3241=CARTESIAN_POINT('',(-0.0351647210426629,-0.0372074503967166,0.043));
#3242=CARTESIAN_POINT('',(-0.0351647210426629,-0.0372074503967166,0.01));
#3243=CARTESIAN_POINT('',(-0.0328647210426629,-0.0372074503967166,0.01));
#3244=CARTESIAN_POINT('',(-0.0351647210426629,-0.0372074503967166,0.01));
#3245=CARTESIAN_POINT('',(0.0692352789573371,0.0215757499151096,0.043));
#3246=CARTESIAN_POINT('',(0.0692352789573371,0.0215757499151096,0.01));
#3247=CARTESIAN_POINT('',(0.0715352789573371,0.0215757499151096,0.01));
#3248=CARTESIAN_POINT('',(0.0692352789573371,0.0215757499151096,0.01));
#3249=CARTESIAN_POINT('',(0.0171496388339997,-0.0426,0.0200067867521089));
#3250=CARTESIAN_POINT('',(-0.0146003611660004,-0.0426,0.0200067867521089));
#3251=CARTESIAN_POINT('',(0.0488996388339997,-0.0426,0.0200067867521089));
#3252=CARTESIAN_POINT('',(-0.0146003611660004,-0.0426,0.0105567867521088));
#3253=CARTESIAN_POINT('',(-0.0146003611660004,-0.0426,0.00110678675210882));
#3254=CARTESIAN_POINT('',(0.0171496388339997,-0.0426,0.00110678675210883));
#3255=CARTESIAN_POINT('',(0.0488996388339997,-0.0426,0.00110678675210883));
#3256=CARTESIAN_POINT('',(0.0488996388339997,-0.0426,0.0105567867521088));
#3257=CARTESIAN_POINT('',(0.0315206789127492,0.01,0.0189453034729104));
#3258=CARTESIAN_POINT('',(0.0315206789127492,0.01,0.0123403034729104));
#3259=CARTESIAN_POINT('',(0.0315206789127492,0.01,0.0255503034729104));
#3260=CARTESIAN_POINT('',(0.0220506789127491,0.01,0.0255503034729104));
#3261=CARTESIAN_POINT('',(0.0125806789127491,0.01,0.0255503034729104));
#3262=CARTESIAN_POINT('',(0.0125806789127491,0.01,0.0189453034729104));
#3263=CARTESIAN_POINT('',(0.0125806789127491,0.01,0.0123403034729104));
#3264=CARTESIAN_POINT('',(0.0220506789127491,0.01,0.0123403034729104));
#3265=CARTESIAN_POINT('',(0.055,-0.00731575008489037,0.028));
#3266=CARTESIAN_POINT('',(0.055,-0.00881575008489037,0.028));
#3267=CARTESIAN_POINT('',(0.055,-0.00581575008489037,0.028));
#3268=CARTESIAN_POINT('',(0.055,-0.00881575008489037,0.015));
#3269=CARTESIAN_POINT('',(0.055,-0.00881575008489037,0.002));
#3270=CARTESIAN_POINT('',(0.055,-0.00731575008489037,0.002));
#3271=CARTESIAN_POINT('',(0.055,-0.00581575008489037,0.002));
#3272=CARTESIAN_POINT('',(0.055,-0.00581575008489037,0.015));
#3273=CARTESIAN_POINT('',(0.055,-0.00131575008489037,0.028));
#3274=CARTESIAN_POINT('',(0.055,-0.00281575008489037,0.028));
#3275=CARTESIAN_POINT('',(0.055,0.00018424991510963,0.028));
#3276=CARTESIAN_POINT('',(0.055,-0.00281575008489037,0.015));
#3277=CARTESIAN_POINT('',(0.055,-0.00281575008489036,0.002));
#3278=CARTESIAN_POINT('',(0.055,-0.00131575008489037,0.002));
#3279=CARTESIAN_POINT('',(0.055,0.000184249915109634,0.002));
#3280=CARTESIAN_POINT('',(0.055,0.000184249915109632,0.015));
#3281=CARTESIAN_POINT('',(0.055,-0.0133157500848904,0.028));
#3282=CARTESIAN_POINT('',(0.055,-0.0148157500848904,0.028));
#3283=CARTESIAN_POINT('',(0.055,-0.0118157500848904,0.028));
#3284=CARTESIAN_POINT('',(0.055,-0.0148157500848904,0.015));
#3285=CARTESIAN_POINT('',(0.055,-0.0148157500848904,0.002));
#3286=CARTESIAN_POINT('',(0.055,-0.0133157500848904,0.002));
#3287=CARTESIAN_POINT('',(0.055,-0.0118157500848904,0.002));
#3288=CARTESIAN_POINT('',(0.055,-0.0118157500848904,0.015));
#3289=CARTESIAN_POINT('',(-0.0394647210426629,0.008,0.0215));
#3290=CARTESIAN_POINT('',(-0.0394647210426629,0.012,0.0215));
#3291=CARTESIAN_POINT('',(-0.0394647210426629,0.008,0.0215));
#3292=CARTESIAN_POINT('',(0.0170352789573372,0.008,0.0215));
#3293=CARTESIAN_POINT('',(0.0170352789573372,0.012,0.0215));
#3294=CARTESIAN_POINT('',(0.0735352789573372,0.008,0.0215));
#3295=CARTESIAN_POINT('',(0.0735352789573372,0.012,0.0215));
#3296=CARTESIAN_POINT('',(0.0735352789573372,0.008,0.0215));
#3297=CARTESIAN_POINT('',(0.0170352789573372,0.008,0.0215));
#3298=CARTESIAN_POINT('',(0.0170352789573372,0.012,0.0215));
#3299=CARTESIAN_POINT('',(0.,0.,0.));
#3300=CARTESIAN_POINT('',(0.0600352789573371,0.00540774991510965,0.0216373034878114));
#3301=CARTESIAN_POINT('',(0.0600352789573371,0.00540774991510965,0.0216353034878114));
#3302=CARTESIAN_POINT('',(0.0545352789573371,0.00540774991510965,0.0216353034878114));
#3303=CARTESIAN_POINT('',(0.0655352789573371,0.00540774991510965,0.0216353034878114));
#3304=CARTESIAN_POINT('',(0.0545352789573371,0.00540774991510965,0.0216373034878114));
#3305=CARTESIAN_POINT('',(0.0545352789573371,0.00540774991510965,0.));
#3306=CARTESIAN_POINT('',(0.0600352789573371,0.00540774991510965,0.));
#3307=CARTESIAN_POINT('',(0.0655352789573371,0.00540774991510965,0.));
#3308=CARTESIAN_POINT('',(0.0655352789573371,0.00540774991510965,0.0216373034878114));
#3309=CARTESIAN_POINT('',(0.0600352789573371,-0.00735817942768335,0.));
#3310=CARTESIAN_POINT('',(0.0545352789573371,0.0116417499151096,0.));
#3311=CARTESIAN_POINT('',(0.0545352789573371,0.0178757499151096,0.));
#3312=CARTESIAN_POINT('',(0.0600352789573371,0.0178757499151096,0.));
#3313=CARTESIAN_POINT('',(0.0655352789573371,0.0178757499151096,0.));
#3314=CARTESIAN_POINT('',(0.0655352789573371,0.0116417499151096,0.));
#3315=CARTESIAN_POINT('',(0.0600352789573371,0.0109077499151096,0.));
#3316=CARTESIAN_POINT('',(0.0623352789573371,0.0109077499151096,0.));
#3317=CARTESIAN_POINT('',(0.0600352789573371,0.0109077499151096,0.0216373034878114));
#3318=CARTESIAN_POINT('',(0.0600352789573371,0.0109077499151096,0.0216353034878114));
#3319=CARTESIAN_POINT('',(0.0623352789573371,0.0109077499151096,0.0216353034878114));
#3320=CARTESIAN_POINT('',(0.0655352789573371,0.0116417499151096,0.0216373034878114));
#3321=CARTESIAN_POINT('',(0.0655352789573371,0.0116417499151096,0.0216353034878114));
#3322=CARTESIAN_POINT('',(0.0655352789573371,0.0178757499151096,0.0216353034878114));
#3323=CARTESIAN_POINT('',(0.0655352789573371,0.0178757499151096,0.0216373034878114));
#3324=CARTESIAN_POINT('',(0.0545352789573371,0.0116417499151096,0.0216373034878114));
#3325=CARTESIAN_POINT('',(0.0545352789573371,0.0116417499151096,0.0216353034878114));
#3326=CARTESIAN_POINT('',(0.0545352789573371,0.0178757499151096,0.0216353034878114));
#3327=CARTESIAN_POINT('',(0.0545352789573371,0.0178757499151096,0.0216373034878114));
#3328=CARTESIAN_POINT('',(0.0600352789573371,0.0178757499151096,0.0216373034878114));
#3329=CARTESIAN_POINT('',(0.0600352789573371,0.0178757499151096,0.0216353034878114));
#3330=CARTESIAN_POINT('',(-0.0759647210426629,0.112907891229524,0.0216353034878114));
#3331=CARTESIAN_POINT('',(0.,0.,0.));
#3332=CARTESIAN_POINT('',(-0.0284647210426628,-0.044,0.012));
#3333=CARTESIAN_POINT('',(-0.0284647210426628,-0.044,0.012));
#3334=CARTESIAN_POINT('',(-0.0264647210426628,-0.044,0.012));
#3335=CARTESIAN_POINT('',(-0.0284647210426628,-0.025,0.012));
#3336=CARTESIAN_POINT('',(-0.0264647210426628,-0.025,0.012));
#3337=CARTESIAN_POINT('',(0.0170352789573372,-0.044,0.012));
#3338=CARTESIAN_POINT('',(0.0170352789573372,-0.025,0.012));
#3339=CARTESIAN_POINT('',(0.,0.,0.));
#3340=CARTESIAN_POINT('',(0.0170352789573372,0.0258757499151097,0.036));
#3341=CARTESIAN_POINT('',(0.0170352789573372,0.0258757499151097,0.033));
#3342=CARTESIAN_POINT('',(-0.0394647210426629,0.0258757499151097,0.033));
#3343=CARTESIAN_POINT('',(0.0735352789573371,0.0258757499151097,0.033));
#3344=CARTESIAN_POINT('',(-0.0394647210426629,0.0258757499151097,0.036));
#3345=CARTESIAN_POINT('',(-0.0394647210426629,0.0258757499151097,0.036));
#3346=CARTESIAN_POINT('',(0.0170352789573372,0.0258757499151097,0.036));
#3347=CARTESIAN_POINT('',(0.0735352789573371,0.0258757499151097,0.036));
#3348=CARTESIAN_POINT('',(0.0735352789573371,0.0258757499151097,0.036));
#3349=CARTESIAN_POINT('',(-0.0394647210426629,-0.0078158502408035,0.036));
#3350=CARTESIAN_POINT('',(-0.0394647210426629,-0.0078158502408035,0.033));
#3351=CARTESIAN_POINT('',(-0.0394647210426629,-0.0415074503967166,0.033));
#3352=CARTESIAN_POINT('',(-0.0394647210426629,-0.0415074503967166,0.036));
#3353=CARTESIAN_POINT('',(-0.0394647210426629,-0.0415074503967166,0.036));
#3354=CARTESIAN_POINT('',(-0.0394647210426629,-0.0078158502408035,0.036));
#3355=CARTESIAN_POINT('',(-0.0394647210426629,-0.002,0.036));
#3356=CARTESIAN_POINT('',(-0.0394647210426629,-0.002,0.036));
#3357=CARTESIAN_POINT('',(-0.0394647210426629,0.018,0.036));
#3358=CARTESIAN_POINT('',(-0.0394647210426629,-0.0078158502408035,0.036));
#3359=CARTESIAN_POINT('',(0.0170352789573372,-0.0415074503967166,0.036));
#3360=CARTESIAN_POINT('',(0.0170352789573372,-0.0415074503967166,0.033));
#3361=CARTESIAN_POINT('',(0.0735352789573371,-0.0415074503967166,0.033));
#3362=CARTESIAN_POINT('',(0.0735352789573371,-0.0415074503967166,0.036));
#3363=CARTESIAN_POINT('',(0.0735352789573371,-0.0415074503967166,0.036));
#3364=CARTESIAN_POINT('',(0.0170352789573372,-0.0415074503967166,0.036));
#3365=CARTESIAN_POINT('',(-0.0212047210426628,-0.0150621087704764,0.036));
#3366=CARTESIAN_POINT('',(-0.0212047210426628,-0.0150621087704764,0.033));
#3367=CARTESIAN_POINT('',(-0.0212047210426628,-0.00531210877047638,0.033));
#3368=CARTESIAN_POINT('',(-0.0212047210426628,-0.0248121087704764,0.033));
#3369=CARTESIAN_POINT('',(-0.0212047210426628,-0.00531210877047638,0.036));
#3370=CARTESIAN_POINT('',(-0.0212047210426628,-0.00531210877047638,0.036));
#3371=CARTESIAN_POINT('',(-0.0212047210426628,-0.0150621087704764,0.036));
#3372=CARTESIAN_POINT('',(-0.0212047210426628,-0.0248121087704764,0.036));
#3373=CARTESIAN_POINT('',(-0.0212047210426628,-0.0248121087704764,0.036));
#3374=CARTESIAN_POINT('',(0.0170452789573372,-0.00531210877047638,0.036));
#3375=CARTESIAN_POINT('',(0.0170452789573372,-0.00531210877047638,0.033));
#3376=CARTESIAN_POINT('',(0.0552952789573371,-0.00531210877047637,0.033));
#3377=CARTESIAN_POINT('',(0.0552952789573371,-0.00531210877047637,0.036));
#3378=CARTESIAN_POINT('',(0.0552952789573371,-0.00531210877047637,0.036));
#3379=CARTESIAN_POINT('',(0.0170452789573372,-0.00531210877047638,0.036));
#3380=CARTESIAN_POINT('',(0.0552952789573371,-0.0150621087704764,0.036));
#3381=CARTESIAN_POINT('',(0.0552952789573371,-0.0150621087704764,0.033));
#3382=CARTESIAN_POINT('',(0.0552952789573371,-0.0248121087704763,0.033));
#3383=CARTESIAN_POINT('',(0.0552952789573371,-0.0248121087704763,0.036));
#3384=CARTESIAN_POINT('',(0.0552952789573371,-0.0248121087704763,0.036));
#3385=CARTESIAN_POINT('',(0.0552952789573371,-0.0150621087704764,0.036));
#3386=CARTESIAN_POINT('',(0.0170452789573372,-0.0248121087704764,0.036));
#3387=CARTESIAN_POINT('',(0.0170452789573372,-0.0248121087704764,0.033));
#3388=CARTESIAN_POINT('',(0.0170452789573372,-0.0248121087704764,0.036));
#3389=CARTESIAN_POINT('',(-0.0351647210426629,0.0215757499151096,0.036));
#3390=CARTESIAN_POINT('',(-0.0351647210426629,0.0215757499151096,0.036));
#3391=CARTESIAN_POINT('',(-0.0335647210426629,0.0215757499151096,0.036));
#3392=CARTESIAN_POINT('',(-0.0351647210426629,0.0215757499151096,0.033));
#3393=CARTESIAN_POINT('',(-0.0335647210426629,0.0215757499151096,0.033));
#3394=CARTESIAN_POINT('',(0.0692352789573371,0.0215757499151096,0.036));
#3395=CARTESIAN_POINT('',(0.0692352789573371,0.0215757499151096,0.036));
#3396=CARTESIAN_POINT('',(0.0708352789573371,0.0215757499151096,0.036));
#3397=CARTESIAN_POINT('',(0.0692352789573371,0.0215757499151096,0.033));
#3398=CARTESIAN_POINT('',(0.0708352789573371,0.0215757499151096,0.033));
#3399=CARTESIAN_POINT('',(0.0692352789573371,-0.0372074503967166,0.036));
#3400=CARTESIAN_POINT('',(0.0692352789573371,-0.0372074503967166,0.036));
#3401=CARTESIAN_POINT('',(0.0708352789573371,-0.0372074503967166,0.036));
#3402=CARTESIAN_POINT('',(0.0692352789573371,-0.0372074503967166,0.033));
#3403=CARTESIAN_POINT('',(0.0708352789573371,-0.0372074503967166,0.033));
#3404=CARTESIAN_POINT('',(-0.0351647210426629,-0.0372074503967166,0.036));
#3405=CARTESIAN_POINT('',(-0.0351647210426629,-0.0372074503967166,0.036));
#3406=CARTESIAN_POINT('',(-0.0335647210426629,-0.0372074503967166,0.036));
#3407=CARTESIAN_POINT('',(-0.0351647210426629,-0.0372074503967166,0.033));
#3408=CARTESIAN_POINT('',(-0.0335647210426629,-0.0372074503967166,0.033));
#3409=CARTESIAN_POINT('',(0.0735352789573371,-0.0078158502408035,0.036));
#3410=CARTESIAN_POINT('',(0.0735352789573371,-0.0078158502408035,0.033));
#3411=CARTESIAN_POINT('',(0.0735352789573371,-0.0078158502408035,0.036));
#3412=CARTESIAN_POINT('',(0.0735352789573371,0.018,0.036));
#3413=CARTESIAN_POINT('',(0.0735352789573371,-0.002,0.036));
#3414=CARTESIAN_POINT('',(0.0735352789573371,-0.002,0.036));
#3415=CARTESIAN_POINT('',(0.0735352789573371,-0.0078158502408035,0.036));
#3416=CARTESIAN_POINT('',(0.0170352789573372,-0.0078158502408035,0.036));
#3417=CARTESIAN_POINT('',(0.0610352789573371,-0.002,0.036));
#3418=CARTESIAN_POINT('',(0.0695352789573371,-0.002,0.036));
#3419=CARTESIAN_POINT('',(0.0695352789573371,0.015,0.036));
#3420=CARTESIAN_POINT('',(0.0695352789573371,0.015,0.036));
#3421=CARTESIAN_POINT('',(0.0610352789573371,0.015,0.036));
#3422=CARTESIAN_POINT('',(0.0525352789573371,0.015,0.036));
#3423=CARTESIAN_POINT('',(0.0525352789573371,0.015,0.036));
#3424=CARTESIAN_POINT('',(0.0525352789573371,-0.002,0.036));
#3425=CARTESIAN_POINT('',(0.0610352789573371,-0.002,0.036));
#3426=CARTESIAN_POINT('',(0.0485352789573371,-0.002,0.036));
#3427=CARTESIAN_POINT('',(0.0485352789573371,-0.002,0.036));
#3428=CARTESIAN_POINT('',(0.0485352789573371,0.018,0.036));
#3429=CARTESIAN_POINT('',(0.0610352789573371,0.018,0.036));
#3430=CARTESIAN_POINT('',(-0.0269647210426628,0.018,0.036));
#3431=CARTESIAN_POINT('',(-0.0144647210426628,0.018,0.036));
#3432=CARTESIAN_POINT('',(-0.0144647210426628,-0.002,0.036));
#3433=CARTESIAN_POINT('',(-0.0144647210426628,-0.002,0.036));
#3434=CARTESIAN_POINT('',(-0.0269647210426628,-0.002,0.036));
#3435=CARTESIAN_POINT('',(-0.0184647210426628,-0.002,0.036));
#3436=CARTESIAN_POINT('',(-0.0184647210426628,0.015,0.036));
#3437=CARTESIAN_POINT('',(-0.0184647210426628,0.015,0.036));
#3438=CARTESIAN_POINT('',(-0.0269647210426628,0.015,0.036));
#3439=CARTESIAN_POINT('',(-0.0354647210426629,0.015,0.036));
#3440=CARTESIAN_POINT('',(-0.0354647210426629,0.015,0.036));
#3441=CARTESIAN_POINT('',(-0.0354647210426629,-0.002,0.036));
#3442=CARTESIAN_POINT('',(-0.0269647210426628,-0.002,0.036));
#3443=CARTESIAN_POINT('',(0.0170352789573372,-0.0078158502408035,0.033));
#3444=CARTESIAN_POINT('',(-0.0207147210426628,-0.002,0.0468253175473055));
#3445=CARTESIAN_POINT('',(-0.0207147210426628,0.018,0.0468253175473055));
#3446=CARTESIAN_POINT('',(-0.0269647210426628,0.018,0.057650635094611));
#3447=CARTESIAN_POINT('',(-0.0269647210426628,-0.002,0.057650635094611));
#3448=CARTESIAN_POINT('',(-0.0269647210426628,-0.002,0.057650635094611));
#3449=CARTESIAN_POINT('',(-0.0207147210426628,-0.002,0.0468253175473055));
#3450=CARTESIAN_POINT('',(-0.0332147210426629,-0.002,0.0468253175473055));
#3451=CARTESIAN_POINT('',(-0.0332147210426629,0.018,0.0468253175473055));
#3452=CARTESIAN_POINT('',(-0.0332147210426629,-0.002,0.0468253175473055));
#3453=CARTESIAN_POINT('',(0.0170352789573372,-0.002,0.0468253175473055));
#3454=CARTESIAN_POINT('',(-0.0142772210426629,-0.002,0.0287470372433053));
#3455=CARTESIAN_POINT('',(-0.0269647210426628,-0.002,0.0507224318643355));
#3456=CARTESIAN_POINT('',(-0.0176522210426628,-0.002,0.0668521550098206));
#3457=CARTESIAN_POINT('',(0.0170352789573372,0.018,0.0468253175473055));
#3458=CARTESIAN_POINT('',(0.0672852789573371,-0.002,0.0468253175473055));
#3459=CARTESIAN_POINT('',(0.0672852789573371,0.018,0.0468253175473055));
#3460=CARTESIAN_POINT('',(0.0610352789573371,0.018,0.057650635094611));
#3461=CARTESIAN_POINT('',(0.0610352789573371,-0.002,0.057650635094611));
#3462=CARTESIAN_POINT('',(0.0610352789573371,-0.002,0.057650635094611));
#3463=CARTESIAN_POINT('',(0.0672852789573371,-0.002,0.0468253175473055));
#3464=CARTESIAN_POINT('',(0.0547852789573371,-0.002,0.0468253175473055));
#3465=CARTESIAN_POINT('',(0.0547852789573371,0.018,0.0468253175473055));
#3466=CARTESIAN_POINT('',(0.0547852789573371,-0.002,0.0468253175473055));
#3467=CARTESIAN_POINT('',(0.0170352789573372,-0.002,0.0468253175473055));
#3468=CARTESIAN_POINT('',(0.0517227789573371,-0.002,0.0668521550098206));
#3469=CARTESIAN_POINT('',(0.0610352789573371,-0.002,0.0507224318643354));
#3470=CARTESIAN_POINT('',(0.0483477789573372,-0.002,0.0287470372433053));
#3471=CARTESIAN_POINT('',(0.0170352789573372,0.018,0.0468253175473055));
#3472=CARTESIAN_POINT('',(0.0652852789573371,0.015,0.0433612159321677));
#3473=CARTESIAN_POINT('',(0.0610352789573371,0.015,0.0507224318643354));
#3474=CARTESIAN_POINT('',(0.0610352789573371,0.015,0.0507224318643354));
#3475=CARTESIAN_POINT('',(0.0652852789573371,0.015,0.0433612159321677));
#3476=CARTESIAN_POINT('',(0.0567852789573371,0.015,0.0433612159321677));
#3477=CARTESIAN_POINT('',(0.0567852789573371,0.015,0.0433612159321677));
#3478=CARTESIAN_POINT('',(0.0170352789573372,0.015,0.0433612159321677));
#3479=CARTESIAN_POINT('',(-0.0227147210426628,0.015,0.0433612159321677));
#3480=CARTESIAN_POINT('',(-0.0269647210426628,0.015,0.0507224318643355));
#3481=CARTESIAN_POINT('',(-0.0269647210426628,0.015,0.0507224318643355));
#3482=CARTESIAN_POINT('',(-0.0227147210426628,0.015,0.0433612159321677));
#3483=CARTESIAN_POINT('',(-0.0312147210426628,0.015,0.0433612159321677));
#3484=CARTESIAN_POINT('',(-0.0312147210426628,0.015,0.0433612159321677));
#3485=CARTESIAN_POINT('',(0.0170352789573372,0.015,0.0433612159321677));
#3486=CARTESIAN_POINT('',(0.,0.,0.));
#3487=CARTESIAN_POINT('',(-0.0284647210426628,-0.043,0.012));
#3488=CARTESIAN_POINT('',(-0.0284647210426628,-0.043,0.012));
#3489=CARTESIAN_POINT('',(-0.0224647210426628,-0.043,0.012));
#3490=CARTESIAN_POINT('',(-0.0284647210426628,-0.025,0.012));
#3491=CARTESIAN_POINT('',(-0.0224647210426628,-0.025,0.012));
#3492=CARTESIAN_POINT('',(0.0170352789573372,-0.043,0.012));
#3493=CARTESIAN_POINT('',(0.0170352789573372,-0.025,0.012));
#3494=CARTESIAN_POINT('',(0.,0.,0.));
#3495=CARTESIAN_POINT('',(0.0588724588956684,-0.0325921087704763,0.033));
#3496=CARTESIAN_POINT('',(0.0588724588956684,-0.0325921087704763,0.));
#3497=CARTESIAN_POINT('',(0.0522096388339997,-0.0325921087704763,0.));
#3498=CARTESIAN_POINT('',(0.0655352789573371,-0.0325921087704763,0.));
#3499=CARTESIAN_POINT('',(0.0522096388339997,-0.0325921087704763,0.033));
#3500=CARTESIAN_POINT('',(0.0522096388339997,-0.0325921087704763,0.033));
#3501=CARTESIAN_POINT('',(0.0588724588956684,-0.0325921087704763,0.033));
#3502=CARTESIAN_POINT('',(0.0655352789573371,-0.0325921087704763,0.033));
#3503=CARTESIAN_POINT('',(0.0655352789573371,-0.0325921087704763,0.033));
#3504=CARTESIAN_POINT('',(0.0522096388339997,-0.0355497795835965,0.033));
#3505=CARTESIAN_POINT('',(0.0522096388339997,-0.0355497795835965,0.));
#3506=CARTESIAN_POINT('',(0.0522096388339997,-0.0385074503967167,0.));
#3507=CARTESIAN_POINT('',(0.0522096388339997,-0.0385074503967167,0.033));
#3508=CARTESIAN_POINT('',(0.0522096388339997,-0.0385074503967167,0.033));
#3509=CARTESIAN_POINT('',(0.0522096388339997,-0.0355497795835965,0.033));
#3510=CARTESIAN_POINT('',(0.0588724588956684,-0.0385074503967167,0.033));
#3511=CARTESIAN_POINT('',(0.0588724588956684,-0.0385074503967167,0.));
#3512=CARTESIAN_POINT('',(0.0655352789573371,-0.0385074503967167,0.));
#3513=CARTESIAN_POINT('',(0.0655352789573371,-0.0385074503967167,0.033));
#3514=CARTESIAN_POINT('',(0.0655352789573371,-0.0385074503967167,0.033));
#3515=CARTESIAN_POINT('',(0.0588724588956684,-0.0385074503967167,0.033));
#3516=CARTESIAN_POINT('',(0.0655352789573371,-0.0355497795835965,0.033));
#3517=CARTESIAN_POINT('',(0.0655352789573371,-0.0355497795835965,0.));
#3518=CARTESIAN_POINT('',(0.0655352789573371,-0.0355497795835965,0.033));
#3519=CARTESIAN_POINT('',(0.0170352789573372,-0.0355497795835965,0.033));
#3520=CARTESIAN_POINT('',(0.0170352789573372,-0.0355497795835965,0.));
#3521=CARTESIAN_POINT('',(0.,0.,0.));
#3522=CARTESIAN_POINT('',(-0.0259647210426628,-0.0325921087704763,0.0216373034878114));
#3523=CARTESIAN_POINT('',(-0.0259647210426628,-0.0325921087704763,0.0216353034878114));
#3524=CARTESIAN_POINT('',(-0.0314647210426629,-0.0325921087704763,0.0216353034878114));
#3525=CARTESIAN_POINT('',(-0.0204647210426629,-0.0325921087704763,0.0216353034878114));
#3526=CARTESIAN_POINT('',(-0.0314647210426629,-0.0325921087704763,0.0216373034878114));
#3527=CARTESIAN_POINT('',(-0.0314647210426629,-0.0325921087704763,0.));
#3528=CARTESIAN_POINT('',(-0.0259647210426628,-0.0325921087704763,0.));
#3529=CARTESIAN_POINT('',(-0.0204647210426629,-0.0325921087704763,0.));
#3530=CARTESIAN_POINT('',(-0.0204647210426629,-0.0325921087704763,0.0216373034878114));
#3531=CARTESIAN_POINT('',(-0.0259647210426628,-0.00735817942768337,0.));
#3532=CARTESIAN_POINT('',(-0.0314647210426629,-0.0270921087704763,0.));
#3533=CARTESIAN_POINT('',(-0.0314647210426629,-0.0215921087704764,0.));
#3534=CARTESIAN_POINT('',(-0.0259647210426628,-0.0215921087704764,0.));
#3535=CARTESIAN_POINT('',(-0.0204647210426629,-0.0215921087704764,0.));
#3536=CARTESIAN_POINT('',(-0.0204647210426629,-0.0270921087704763,0.));
#3537=CARTESIAN_POINT('',(-0.0259647210426628,-0.0270921087704764,0.));
#3538=CARTESIAN_POINT('',(-0.0236647210426628,-0.0270921087704764,0.));
#3539=CARTESIAN_POINT('',(-0.0259647210426628,-0.0270921087704764,0.0216373034878114));
#3540=CARTESIAN_POINT('',(-0.0259647210426628,-0.0270921087704764,0.0216353034878114));
#3541=CARTESIAN_POINT('',(-0.0236647210426628,-0.0270921087704764,0.0216353034878114));
#3542=CARTESIAN_POINT('',(-0.0204647210426629,-0.0270921087704763,0.0216373034878114));
#3543=CARTESIAN_POINT('',(-0.0204647210426629,-0.0270921087704763,0.0216353034878114));
#3544=CARTESIAN_POINT('',(-0.0204647210426629,-0.0215921087704764,0.0216353034878114));
#3545=CARTESIAN_POINT('',(-0.0204647210426629,-0.0215921087704764,0.0216373034878114));
#3546=CARTESIAN_POINT('',(-0.0314647210426629,-0.0270921087704763,0.0216373034878114));
#3547=CARTESIAN_POINT('',(-0.0314647210426629,-0.0270921087704763,0.0216353034878114));
#3548=CARTESIAN_POINT('',(-0.0314647210426629,-0.0215921087704764,0.0216353034878114));
#3549=CARTESIAN_POINT('',(-0.0314647210426629,-0.0215921087704764,0.0216373034878114));
#3550=CARTESIAN_POINT('',(-0.0259647210426628,-0.0215921087704764,0.0216373034878114));
#3551=CARTESIAN_POINT('',(-0.0259647210426628,-0.0215921087704764,0.0216353034878114));
#3552=CARTESIAN_POINT('',(-0.0759647210426629,0.112907891229524,0.0216353034878114));
#3553=CARTESIAN_POINT('',(0.,0.,0.));
#3554=CARTESIAN_POINT('',(0.0134796388339997,-0.0339474503967166,0.033));
#3555=CARTESIAN_POINT('',(0.0134796388339997,-0.0339474503967166,0.));
#3556=CARTESIAN_POINT('',(0.0486696388339997,-0.0339474503967166,0.));
#3557=CARTESIAN_POINT('',(-0.0217103611660003,-0.0339474503967166,0.));
#3558=CARTESIAN_POINT('',(0.0486696388339997,-0.0339474503967166,0.033));
#3559=CARTESIAN_POINT('',(0.0486696388339997,-0.0339474503967166,0.033));
#3560=CARTESIAN_POINT('',(0.0134796388339997,-0.0339474503967166,0.033));
#3561=CARTESIAN_POINT('',(-0.0217103611660003,-0.0339474503967166,0.033));
#3562=CARTESIAN_POINT('',(-0.0217103611660003,-0.0339474503967166,0.033));
#3563=CARTESIAN_POINT('',(0.0486696388339997,-0.0332697795835965,0.033));
#3564=CARTESIAN_POINT('',(0.0486696388339997,-0.0332697795835965,0.));
#3565=CARTESIAN_POINT('',(0.0486696388339997,-0.0325921087704763,0.));
#3566=CARTESIAN_POINT('',(0.0486696388339997,-0.0325921087704763,0.033));
#3567=CARTESIAN_POINT('',(0.0486696388339997,-0.0325921087704763,0.033));
#3568=CARTESIAN_POINT('',(0.0486696388339997,-0.0332697795835965,0.033));
#3569=CARTESIAN_POINT('',(0.0134796388339997,-0.0325921087704763,0.033));
#3570=CARTESIAN_POINT('',(0.0134796388339997,-0.0325921087704763,0.));
#3571=CARTESIAN_POINT('',(-0.0314647210426629,-0.0325921087704763,0.));
#3572=CARTESIAN_POINT('',(-0.0314647210426629,-0.0325921087704763,0.033));
#3573=CARTESIAN_POINT('',(-0.0314647210426629,-0.0325921087704763,0.033));
#3574=CARTESIAN_POINT('',(0.0134796388339997,-0.0325921087704763,0.033));
#3575=CARTESIAN_POINT('',(-0.0314647210426629,-0.0362274503967166,0.033));
#3576=CARTESIAN_POINT('',(-0.0314647210426629,-0.0362274503967166,0.));
#3577=CARTESIAN_POINT('',(-0.0314647210426629,-0.0385074503967167,0.));
#3578=CARTESIAN_POINT('',(-0.0314647210426629,-0.0385074503967167,0.033));
#3579=CARTESIAN_POINT('',(-0.0314647210426629,-0.0385074503967167,0.033));
#3580=CARTESIAN_POINT('',(-0.0314647210426629,-0.0362274503967166,0.033));
#3581=CARTESIAN_POINT('',(-0.0265875411043316,-0.0385074503967167,0.033));
#3582=CARTESIAN_POINT('',(-0.0265875411043316,-0.0385074503967167,0.));
#3583=CARTESIAN_POINT('',(-0.0217103611660003,-0.0385074503967167,0.));
#3584=CARTESIAN_POINT('',(-0.0217103611660003,-0.0385074503967167,0.033));
#3585=CARTESIAN_POINT('',(-0.0217103611660003,-0.0385074503967167,0.033));
#3586=CARTESIAN_POINT('',(-0.0265875411043316,-0.0385074503967167,0.033));
#3587=CARTESIAN_POINT('',(-0.0217103611660003,-0.0362274503967166,0.033));
#3588=CARTESIAN_POINT('',(-0.0217103611660003,-0.0362274503967166,0.));
#3589=CARTESIAN_POINT('',(-0.0217103611660003,-0.0362274503967166,0.033));
#3590=CARTESIAN_POINT('',(0.0170352789573372,-0.0355497795835965,0.033));
#3591=CARTESIAN_POINT('',(0.0170352789573372,-0.0355497795835965,0.));
#3592=CARTESIAN_POINT('',(0.,0.,0.));
#3593=CARTESIAN_POINT('',(-0.0259647210426628,0.00540789122952364,0.0216373034878114));
#3594=CARTESIAN_POINT('',(-0.0259647210426628,0.00540789122952364,0.0216353034878114));
#3595=CARTESIAN_POINT('',(-0.0314647210426629,0.00540789122952364,0.0216353034878114));
#3596=CARTESIAN_POINT('',(-0.0204647210426629,0.00540789122952364,0.0216353034878114));
#3597=CARTESIAN_POINT('',(-0.0314647210426629,0.00540789122952364,0.0216373034878114));
#3598=CARTESIAN_POINT('',(-0.0314647210426629,0.00540789122952364,0.));
#3599=CARTESIAN_POINT('',(-0.0259647210426628,0.00540789122952364,0.));
#3600=CARTESIAN_POINT('',(-0.0204647210426629,0.00540789122952364,0.));
#3601=CARTESIAN_POINT('',(-0.0204647210426629,0.00540789122952364,0.0216373034878114));
#3602=CARTESIAN_POINT('',(-0.0259647210426628,-0.00735817942768337,0.));
#3603=CARTESIAN_POINT('',(-0.0314647210426629,0.0116418205723166,0.));
#3604=CARTESIAN_POINT('',(-0.0314647210426629,0.0178757499151096,0.));
#3605=CARTESIAN_POINT('',(-0.0259647210426628,0.0178757499151096,0.));
#3606=CARTESIAN_POINT('',(-0.0204647210426629,0.0178757499151096,0.));
#3607=CARTESIAN_POINT('',(-0.0204647210426629,0.0116418205723166,0.));
#3608=CARTESIAN_POINT('',(-0.0259647210426628,0.0109078912295236,0.));
#3609=CARTESIAN_POINT('',(-0.0236647210426628,0.0109078912295236,0.));
#3610=CARTESIAN_POINT('',(-0.0259647210426628,0.0109078912295236,0.0216373034878114));
#3611=CARTESIAN_POINT('',(-0.0259647210426628,0.0109078912295236,0.0216353034878114));
#3612=CARTESIAN_POINT('',(-0.0236647210426628,0.0109078912295236,0.0216353034878114));
#3613=CARTESIAN_POINT('',(-0.0204647210426629,0.0116418205723166,0.0216373034878114));
#3614=CARTESIAN_POINT('',(-0.0204647210426629,0.0116418205723166,0.0216353034878114));
#3615=CARTESIAN_POINT('',(-0.0204647210426629,0.0178757499151096,0.0216353034878114));
#3616=CARTESIAN_POINT('',(-0.0204647210426629,0.0178757499151096,0.0216373034878114));
#3617=CARTESIAN_POINT('',(-0.0314647210426629,0.0116418205723166,0.0216373034878114));
#3618=CARTESIAN_POINT('',(-0.0314647210426629,0.0116418205723166,0.0216353034878114));
#3619=CARTESIAN_POINT('',(-0.0314647210426629,0.0178757499151096,0.0216353034878114));
#3620=CARTESIAN_POINT('',(-0.0314647210426629,0.0178757499151096,0.0216373034878114));
#3621=CARTESIAN_POINT('',(-0.0259647210426628,0.0178757499151096,0.0216373034878114));
#3622=CARTESIAN_POINT('',(-0.0259647210426628,0.0178757499151096,0.0216353034878114));
#3623=CARTESIAN_POINT('',(-0.0759647210426629,0.112907891229524,0.0216353034878114));
#3624=MECHANICAL_DESIGN_GEOMETRIC_PRESENTATION_REPRESENTATION('',(#2150),
#3636);
#3625=MECHANICAL_DESIGN_GEOMETRIC_PRESENTATION_REPRESENTATION('',(#2151),
#3637);
#3626=MECHANICAL_DESIGN_GEOMETRIC_PRESENTATION_REPRESENTATION('',(#2152),
#3638);
#3627=MECHANICAL_DESIGN_GEOMETRIC_PRESENTATION_REPRESENTATION('',(#2153),
#3639);
#3628=MECHANICAL_DESIGN_GEOMETRIC_PRESENTATION_REPRESENTATION('',(#2154),
#3640);
#3629=MECHANICAL_DESIGN_GEOMETRIC_PRESENTATION_REPRESENTATION('',(#2155),
#3641);
#3630=MECHANICAL_DESIGN_GEOMETRIC_PRESENTATION_REPRESENTATION('',(#2156),
#3642);
#3631=MECHANICAL_DESIGN_GEOMETRIC_PRESENTATION_REPRESENTATION('',(#2157),
#3643);
#3632=MECHANICAL_DESIGN_GEOMETRIC_PRESENTATION_REPRESENTATION('',(#2158),
#3644);
#3633=MECHANICAL_DESIGN_GEOMETRIC_PRESENTATION_REPRESENTATION('',(#2159),
#3645);
#3634=MECHANICAL_DESIGN_GEOMETRIC_PRESENTATION_REPRESENTATION('',(#2160),
#3646);
#3635=MECHANICAL_DESIGN_GEOMETRIC_PRESENTATION_REPRESENTATION('',(#2161),
#3647);
#3636=(
GEOMETRIC_REPRESENTATION_CONTEXT(3)
GLOBAL_UNCERTAINTY_ASSIGNED_CONTEXT((#3648))
GLOBAL_UNIT_ASSIGNED_CONTEXT((#3684,#3672,#3660))
REPRESENTATION_CONTEXT('Part 6','TOP_LEVEL_ASSEMBLY_PART')
);
#3637=(
GEOMETRIC_REPRESENTATION_CONTEXT(3)
GLOBAL_UNCERTAINTY_ASSIGNED_CONTEXT((#3649))
GLOBAL_UNIT_ASSIGNED_CONTEXT((#3685,#3673,#3661))
REPRESENTATION_CONTEXT('Part 12','TOP_LEVEL_ASSEMBLY_PART')
);
#3638=(
GEOMETRIC_REPRESENTATION_CONTEXT(3)
GLOBAL_UNCERTAINTY_ASSIGNED_CONTEXT((#3650))
GLOBAL_UNIT_ASSIGNED_CONTEXT((#3686,#3674,#3662))
REPRESENTATION_CONTEXT('Part 10','TOP_LEVEL_ASSEMBLY_PART')
);
#3639=(
GEOMETRIC_REPRESENTATION_CONTEXT(3)
GLOBAL_UNCERTAINTY_ASSIGNED_CONTEXT((#3651))
GLOBAL_UNIT_ASSIGNED_CONTEXT((#3687,#3675,#3663))
REPRESENTATION_CONTEXT('Part 1','TOP_LEVEL_ASSEMBLY_PART')
);
#3640=(
GEOMETRIC_REPRESENTATION_CONTEXT(3)
GLOBAL_UNCERTAINTY_ASSIGNED_CONTEXT((#3652))
GLOBAL_UNIT_ASSIGNED_CONTEXT((#3688,#3676,#3664))
REPRESENTATION_CONTEXT('Part 7','TOP_LEVEL_ASSEMBLY_PART')
);
#3641=(
GEOMETRIC_REPRESENTATION_CONTEXT(3)
GLOBAL_UNCERTAINTY_ASSIGNED_CONTEXT((#3653))
GLOBAL_UNIT_ASSIGNED_CONTEXT((#3689,#3677,#3665))
REPRESENTATION_CONTEXT('Part 11','TOP_LEVEL_ASSEMBLY_PART')
);
#3642=(
GEOMETRIC_REPRESENTATION_CONTEXT(3)
GLOBAL_UNCERTAINTY_ASSIGNED_CONTEXT((#3654))
GLOBAL_UNIT_ASSIGNED_CONTEXT((#3690,#3678,#3666))
REPRESENTATION_CONTEXT('Part 8','TOP_LEVEL_ASSEMBLY_PART')
);
#3643=(
GEOMETRIC_REPRESENTATION_CONTEXT(3)
GLOBAL_UNCERTAINTY_ASSIGNED_CONTEXT((#3655))
GLOBAL_UNIT_ASSIGNED_CONTEXT((#3691,#3679,#3667))
REPRESENTATION_CONTEXT('Part 9','TOP_LEVEL_ASSEMBLY_PART')
);
#3644=(
GEOMETRIC_REPRESENTATION_CONTEXT(3)
GLOBAL_UNCERTAINTY_ASSIGNED_CONTEXT((#3656))
GLOBAL_UNIT_ASSIGNED_CONTEXT((#3692,#3680,#3668))
REPRESENTATION_CONTEXT('Part 2','TOP_LEVEL_ASSEMBLY_PART')
);
#3645=(
GEOMETRIC_REPRESENTATION_CONTEXT(3)
GLOBAL_UNCERTAINTY_ASSIGNED_CONTEXT((#3657))
GLOBAL_UNIT_ASSIGNED_CONTEXT((#3693,#3681,#3669))
REPRESENTATION_CONTEXT('Part 4','TOP_LEVEL_ASSEMBLY_PART')
);
#3646=(
GEOMETRIC_REPRESENTATION_CONTEXT(3)
GLOBAL_UNCERTAINTY_ASSIGNED_CONTEXT((#3658))
GLOBAL_UNIT_ASSIGNED_CONTEXT((#3694,#3682,#3670))
REPRESENTATION_CONTEXT('Part 3','TOP_LEVEL_ASSEMBLY_PART')
);
#3647=(
GEOMETRIC_REPRESENTATION_CONTEXT(3)
GLOBAL_UNCERTAINTY_ASSIGNED_CONTEXT((#3659))
GLOBAL_UNIT_ASSIGNED_CONTEXT((#3695,#3683,#3671))
REPRESENTATION_CONTEXT('Part 5','TOP_LEVEL_ASSEMBLY_PART')
);
#3648=UNCERTAINTY_MEASURE_WITH_UNIT(LENGTH_MEASURE(1.E-8),#3684,
'DISTANCE_ACCURACY_VALUE','Maximum Tolerance applied to model');
#3649=UNCERTAINTY_MEASURE_WITH_UNIT(LENGTH_MEASURE(1.E-8),#3685,
'DISTANCE_ACCURACY_VALUE','Maximum Tolerance applied to model');
#3650=UNCERTAINTY_MEASURE_WITH_UNIT(LENGTH_MEASURE(1.E-8),#3686,
'DISTANCE_ACCURACY_VALUE','Maximum Tolerance applied to model');
#3651=UNCERTAINTY_MEASURE_WITH_UNIT(LENGTH_MEASURE(1.E-8),#3687,
'DISTANCE_ACCURACY_VALUE','Maximum Tolerance applied to model');
#3652=UNCERTAINTY_MEASURE_WITH_UNIT(LENGTH_MEASURE(1.E-8),#3688,
'DISTANCE_ACCURACY_VALUE','Maximum Tolerance applied to model');
#3653=UNCERTAINTY_MEASURE_WITH_UNIT(LENGTH_MEASURE(1.E-8),#3689,
'DISTANCE_ACCURACY_VALUE','Maximum Tolerance applied to model');
#3654=UNCERTAINTY_MEASURE_WITH_UNIT(LENGTH_MEASURE(1.E-8),#3690,
'DISTANCE_ACCURACY_VALUE','Maximum Tolerance applied to model');
#3655=UNCERTAINTY_MEASURE_WITH_UNIT(LENGTH_MEASURE(1.E-8),#3691,
'DISTANCE_ACCURACY_VALUE','Maximum Tolerance applied to model');
#3656=UNCERTAINTY_MEASURE_WITH_UNIT(LENGTH_MEASURE(1.E-8),#3692,
'DISTANCE_ACCURACY_VALUE','Maximum Tolerance applied to model');
#3657=UNCERTAINTY_MEASURE_WITH_UNIT(LENGTH_MEASURE(1.E-8),#3693,
'DISTANCE_ACCURACY_VALUE','Maximum Tolerance applied to model');
#3658=UNCERTAINTY_MEASURE_WITH_UNIT(LENGTH_MEASURE(1.E-8),#3694,
'DISTANCE_ACCURACY_VALUE','Maximum Tolerance applied to model');
#3659=UNCERTAINTY_MEASURE_WITH_UNIT(LENGTH_MEASURE(1.E-8),#3695,
'DISTANCE_ACCURACY_VALUE','Maximum Tolerance applied to model');
#3660=(
NAMED_UNIT(*)
SI_UNIT($,.STERADIAN.)
SOLID_ANGLE_UNIT()
);
#3661=(
NAMED_UNIT(*)
SI_UNIT($,.STERADIAN.)
SOLID_ANGLE_UNIT()
);
#3662=(
NAMED_UNIT(*)
SI_UNIT($,.STERADIAN.)
SOLID_ANGLE_UNIT()
);
#3663=(
NAMED_UNIT(*)
SI_UNIT($,.STERADIAN.)
SOLID_ANGLE_UNIT()
);
#3664=(
NAMED_UNIT(*)
SI_UNIT($,.STERADIAN.)
SOLID_ANGLE_UNIT()
);
#3665=(
NAMED_UNIT(*)
SI_UNIT($,.STERADIAN.)
SOLID_ANGLE_UNIT()
);
#3666=(
NAMED_UNIT(*)
SI_UNIT($,.STERADIAN.)
SOLID_ANGLE_UNIT()
);
#3667=(
NAMED_UNIT(*)
SI_UNIT($,.STERADIAN.)
SOLID_ANGLE_UNIT()
);
#3668=(
NAMED_UNIT(*)
SI_UNIT($,.STERADIAN.)
SOLID_ANGLE_UNIT()
);
#3669=(
NAMED_UNIT(*)
SI_UNIT($,.STERADIAN.)
SOLID_ANGLE_UNIT()
);
#3670=(
NAMED_UNIT(*)
SI_UNIT($,.STERADIAN.)
SOLID_ANGLE_UNIT()
);
#3671=(
NAMED_UNIT(*)
SI_UNIT($,.STERADIAN.)
SOLID_ANGLE_UNIT()
);
#3672=(
NAMED_UNIT(*)
PLANE_ANGLE_UNIT()
SI_UNIT($,.RADIAN.)
);
#3673=(
NAMED_UNIT(*)
PLANE_ANGLE_UNIT()
SI_UNIT($,.RADIAN.)
);
#3674=(
NAMED_UNIT(*)
PLANE_ANGLE_UNIT()
SI_UNIT($,.RADIAN.)
);
#3675=(
NAMED_UNIT(*)
PLANE_ANGLE_UNIT()
SI_UNIT($,.RADIAN.)
);
#3676=(
NAMED_UNIT(*)
PLANE_ANGLE_UNIT()
SI_UNIT($,.RADIAN.)
);
#3677=(
NAMED_UNIT(*)
PLANE_ANGLE_UNIT()
SI_UNIT($,.RADIAN.)
);
#3678=(
NAMED_UNIT(*)
PLANE_ANGLE_UNIT()
SI_UNIT($,.RADIAN.)
);
#3679=(
NAMED_UNIT(*)
PLANE_ANGLE_UNIT()
SI_UNIT($,.RADIAN.)
);
#3680=(
NAMED_UNIT(*)
PLANE_ANGLE_UNIT()
SI_UNIT($,.RADIAN.)
);
#3681=(
NAMED_UNIT(*)
PLANE_ANGLE_UNIT()
SI_UNIT($,.RADIAN.)
);
#3682=(
NAMED_UNIT(*)
PLANE_ANGLE_UNIT()
SI_UNIT($,.RADIAN.)
);
#3683=(
NAMED_UNIT(*)
PLANE_ANGLE_UNIT()
SI_UNIT($,.RADIAN.)
);
#3684=(
LENGTH_UNIT()
NAMED_UNIT(*)
SI_UNIT($,.METRE.)
);
#3685=(
LENGTH_UNIT()
NAMED_UNIT(*)
SI_UNIT($,.METRE.)
);
#3686=(
LENGTH_UNIT()
NAMED_UNIT(*)
SI_UNIT($,.METRE.)
);
#3687=(
LENGTH_UNIT()
NAMED_UNIT(*)
SI_UNIT($,.METRE.)
);
#3688=(
LENGTH_UNIT()
NAMED_UNIT(*)
SI_UNIT($,.METRE.)
);
#3689=(
LENGTH_UNIT()
NAMED_UNIT(*)
SI_UNIT($,.METRE.)
);
#3690=(
LENGTH_UNIT()
NAMED_UNIT(*)
SI_UNIT($,.METRE.)
);
#3691=(
LENGTH_UNIT()
NAMED_UNIT(*)
SI_UNIT($,.METRE.)
);
#3692=(
LENGTH_UNIT()
NAMED_UNIT(*)
SI_UNIT($,.METRE.)
);
#3693=(
LENGTH_UNIT()
NAMED_UNIT(*)
SI_UNIT($,.METRE.)
);
#3694=(
LENGTH_UNIT()
NAMED_UNIT(*)
SI_UNIT($,.METRE.)
);
#3695=(
LENGTH_UNIT()
NAMED_UNIT(*)
SI_UNIT($,.METRE.)
);
#3696=PRODUCT_DEFINITION_SHAPE('','',#3708);
#3697=PRODUCT_DEFINITION_SHAPE('','',#3709);
#3698=PRODUCT_DEFINITION_SHAPE('','',#3710);
#3699=PRODUCT_DEFINITION_SHAPE('','',#3711);
#3700=PRODUCT_DEFINITION_SHAPE('','',#3712);
#3701=PRODUCT_DEFINITION_SHAPE('','',#3713);
#3702=PRODUCT_DEFINITION_SHAPE('','',#3714);
#3703=PRODUCT_DEFINITION_SHAPE('','',#3715);
#3704=PRODUCT_DEFINITION_SHAPE('','',#3716);
#3705=PRODUCT_DEFINITION_SHAPE('','',#3717);
#3706=PRODUCT_DEFINITION_SHAPE('','',#3718);
#3707=PRODUCT_DEFINITION_SHAPE('','',#3719);
#3708=PRODUCT_DEFINITION('','',#3732,#3720);
#3709=PRODUCT_DEFINITION('','',#3733,#3721);
#3710=PRODUCT_DEFINITION('','',#3734,#3722);
#3711=PRODUCT_DEFINITION('','',#3735,#3723);
#3712=PRODUCT_DEFINITION('','',#3736,#3724);
#3713=PRODUCT_DEFINITION('','',#3737,#3725);
#3714=PRODUCT_DEFINITION('','',#3738,#3726);
#3715=PRODUCT_DEFINITION('','',#3739,#3727);
#3716=PRODUCT_DEFINITION('','',#3740,#3728);
#3717=PRODUCT_DEFINITION('','',#3741,#3729);
#3718=PRODUCT_DEFINITION('','',#3742,#3730);
#3719=PRODUCT_DEFINITION('','',#3743,#3731);
#3720=PRODUCT_DEFINITION_CONTEXT('',#3804,'design');
#3721=PRODUCT_DEFINITION_CONTEXT('',#3805,'design');
#3722=PRODUCT_DEFINITION_CONTEXT('',#3806,'design');
#3723=PRODUCT_DEFINITION_CONTEXT('',#3807,'design');
#3724=PRODUCT_DEFINITION_CONTEXT('',#3808,'design');
#3725=PRODUCT_DEFINITION_CONTEXT('',#3809,'design');
#3726=PRODUCT_DEFINITION_CONTEXT('',#3810,'design');
#3727=PRODUCT_DEFINITION_CONTEXT('',#3811,'design');
#3728=PRODUCT_DEFINITION_CONTEXT('',#3812,'design');
#3729=PRODUCT_DEFINITION_CONTEXT('',#3813,'design');
#3730=PRODUCT_DEFINITION_CONTEXT('',#3814,'design');
#3731=PRODUCT_DEFINITION_CONTEXT('',#3815,'design');
#3732=PRODUCT_DEFINITION_FORMATION_WITH_SPECIFIED_SOURCE('','',#3756,
 .NOT_KNOWN.);
#3733=PRODUCT_DEFINITION_FORMATION_WITH_SPECIFIED_SOURCE('','',#3757,
 .NOT_KNOWN.);
#3734=PRODUCT_DEFINITION_FORMATION_WITH_SPECIFIED_SOURCE('','',#3758,
 .NOT_KNOWN.);
#3735=PRODUCT_DEFINITION_FORMATION_WITH_SPECIFIED_SOURCE('','',#3759,
 .NOT_KNOWN.);
#3736=PRODUCT_DEFINITION_FORMATION_WITH_SPECIFIED_SOURCE('','',#3760,
 .NOT_KNOWN.);
#3737=PRODUCT_DEFINITION_FORMATION_WITH_SPECIFIED_SOURCE('','',#3761,
 .NOT_KNOWN.);
#3738=PRODUCT_DEFINITION_FORMATION_WITH_SPECIFIED_SOURCE('','',#3762,
 .NOT_KNOWN.);
#3739=PRODUCT_DEFINITION_FORMATION_WITH_SPECIFIED_SOURCE('','',#3763,
 .NOT_KNOWN.);
#3740=PRODUCT_DEFINITION_FORMATION_WITH_SPECIFIED_SOURCE('','',#3764,
 .NOT_KNOWN.);
#3741=PRODUCT_DEFINITION_FORMATION_WITH_SPECIFIED_SOURCE('','',#3765,
 .NOT_KNOWN.);
#3742=PRODUCT_DEFINITION_FORMATION_WITH_SPECIFIED_SOURCE('','',#3766,
 .NOT_KNOWN.);
#3743=PRODUCT_DEFINITION_FORMATION_WITH_SPECIFIED_SOURCE('','',#3767,
 .NOT_KNOWN.);
#3744=PRODUCT_RELATED_PRODUCT_CATEGORY('','',(#3756));
#3745=PRODUCT_RELATED_PRODUCT_CATEGORY('','',(#3757));
#3746=PRODUCT_RELATED_PRODUCT_CATEGORY('','',(#3758));
#3747=PRODUCT_RELATED_PRODUCT_CATEGORY('','',(#3759));
#3748=PRODUCT_RELATED_PRODUCT_CATEGORY('','',(#3760));
#3749=PRODUCT_RELATED_PRODUCT_CATEGORY('','',(#3761));
#3750=PRODUCT_RELATED_PRODUCT_CATEGORY('','',(#3762));
#3751=PRODUCT_RELATED_PRODUCT_CATEGORY('','',(#3763));
#3752=PRODUCT_RELATED_PRODUCT_CATEGORY('','',(#3764));
#3753=PRODUCT_RELATED_PRODUCT_CATEGORY('','',(#3765));
#3754=PRODUCT_RELATED_PRODUCT_CATEGORY('','',(#3766));
#3755=PRODUCT_RELATED_PRODUCT_CATEGORY('','',(#3767));
#3756=PRODUCT('Part 6','Part 6','Part 6',(#3780));
#3757=PRODUCT('Part 12','Part 12','Part 12',(#3781));
#3758=PRODUCT('Part 10','Part 10','Part 10',(#3782));
#3759=PRODUCT('Part 1','Part 1','Part 1',(#3783));
#3760=PRODUCT('Part 7','Part 7','Part 7',(#3784));
#3761=PRODUCT('Part 11','Part 11','Part 11',(#3785));
#3762=PRODUCT('Part 8','Part 8','Part 8',(#3786));
#3763=PRODUCT('Part 9','Part 9','Part 9',(#3787));
#3764=PRODUCT('Part 2','Part 2','Part 2',(#3788));
#3765=PRODUCT('Part 4','Part 4','Part 4',(#3789));
#3766=PRODUCT('Part 3','Part 3','Part 3',(#3790));
#3767=PRODUCT('Part 5','Part 5','Part 5',(#3791));
#3768=PRODUCT_CATEGORY('','');
#3769=PRODUCT_CATEGORY('','');
#3770=PRODUCT_CATEGORY('','');
#3771=PRODUCT_CATEGORY('','');
#3772=PRODUCT_CATEGORY('','');
#3773=PRODUCT_CATEGORY('','');
#3774=PRODUCT_CATEGORY('','');
#3775=PRODUCT_CATEGORY('','');
#3776=PRODUCT_CATEGORY('','');
#3777=PRODUCT_CATEGORY('','');
#3778=PRODUCT_CATEGORY('','');
#3779=PRODUCT_CATEGORY('','');
#3780=PRODUCT_CONTEXT('',#3804,'mechanical');
#3781=PRODUCT_CONTEXT('',#3805,'mechanical');
#3782=PRODUCT_CONTEXT('',#3806,'mechanical');
#3783=PRODUCT_CONTEXT('',#3807,'mechanical');
#3784=PRODUCT_CONTEXT('',#3808,'mechanical');
#3785=PRODUCT_CONTEXT('',#3809,'mechanical');
#3786=PRODUCT_CONTEXT('',#3810,'mechanical');
#3787=PRODUCT_CONTEXT('',#3811,'mechanical');
#3788=PRODUCT_CONTEXT('',#3812,'mechanical');
#3789=PRODUCT_CONTEXT('',#3813,'mechanical');
#3790=PRODUCT_CONTEXT('',#3814,'mechanical');
#3791=PRODUCT_CONTEXT('',#3815,'mechanical');
#3792=APPLICATION_PROTOCOL_DEFINITION('international standard',
'ap242_managed_model_based_3d_engineering',2020,#3804);
#3793=APPLICATION_PROTOCOL_DEFINITION('international standard',
'ap242_managed_model_based_3d_engineering',2020,#3805);
#3794=APPLICATION_PROTOCOL_DEFINITION('international standard',
'ap242_managed_model_based_3d_engineering',2020,#3806);
#3795=APPLICATION_PROTOCOL_DEFINITION('international standard',
'ap242_managed_model_based_3d_engineering',2020,#3807);
#3796=APPLICATION_PROTOCOL_DEFINITION('international standard',
'ap242_managed_model_based_3d_engineering',2020,#3808);
#3797=APPLICATION_PROTOCOL_DEFINITION('international standard',
'ap242_managed_model_based_3d_engineering',2020,#3809);
#3798=APPLICATION_PROTOCOL_DEFINITION('international standard',
'ap242_managed_model_based_3d_engineering',2020,#3810);
#3799=APPLICATION_PROTOCOL_DEFINITION('international standard',
'ap242_managed_model_based_3d_engineering',2020,#3811);
#3800=APPLICATION_PROTOCOL_DEFINITION('international standard',
'ap242_managed_model_based_3d_engineering',2020,#3812);
#3801=APPLICATION_PROTOCOL_DEFINITION('international standard',
'ap242_managed_model_based_3d_engineering',2020,#3813);
#3802=APPLICATION_PROTOCOL_DEFINITION('international standard',
'ap242_managed_model_based_3d_engineering',2020,#3814);
#3803=APPLICATION_PROTOCOL_DEFINITION('international standard',
'ap242_managed_model_based_3d_engineering',2020,#3815);
#3804=APPLICATION_CONTEXT('managed model based 3d engineering');
#3805=APPLICATION_CONTEXT('managed model based 3d engineering');
#3806=APPLICATION_CONTEXT('managed model based 3d engineering');
#3807=APPLICATION_CONTEXT('managed model based 3d engineering');
#3808=APPLICATION_CONTEXT('managed model based 3d engineering');
#3809=APPLICATION_CONTEXT('managed model based 3d engineering');
#3810=APPLICATION_CONTEXT('managed model based 3d engineering');
#3811=APPLICATION_CONTEXT('managed model based 3d engineering');
#3812=APPLICATION_CONTEXT('managed model based 3d engineering');
#3813=APPLICATION_CONTEXT('managed model based 3d engineering');
#3814=APPLICATION_CONTEXT('managed model based 3d engineering');
#3815=APPLICATION_CONTEXT('managed model based 3d engineering');
ENDSEC;
END-ISO-10303-21;
